,0,1,2,3,4
0,fuck yeah,banking account passwordsecurity code someone hence problem,idea sweat foreheadfringe,time labour grave,tier allocation reason
1,shit plzzz,someone password,summer sweaty sweaty neck,fact history history claudia jones grave,tier content
2,dude fuck yeah,password room,sweaty tomato exercise makeup exception work point anyway,okay question information coffin second typo people coffin definition dead basis,thing tier rest
3,please thanks,chance count tweet rule,office freelancer,parler wang,face thing
4,please thank,need tweet share network,freelance artist wale task force situation advice,sharon hugo someone evil right anyone,face cube
5,please thanks,james idea twitter workaway partner farmer catalunya,helper home office cobweb castle today freelance help,curtain sharon hugo,crowd landscapestadium interior anything face weapon
6,trailer thanks,thank youuuu,dissertation month teehee,word violence violence meme others tosser tosser,adam clearance sale
7,trailer actress gonna,thank youuu,titletopic dissertation dissertation commitment love investment year work matter topic,someone violence,spring sale
8,movie trailer combo matrix saint newark,thank youuuu,dissertation mess thought page,problem people violence,steam summer sale noooooo
9,metaverse tech mogul part cyberpunk,blue anchor,grammar school place,note comparison section year self debate access space community people,admission future headliner cake plant tree ticket
10,multiverse story,haaland blue,longs college entrance exam section greek language literature grammar mathematics world history,ambassador service examination history misogyny corp,ticket shit
11,tldr metaverse walk wood stuff metaverse hope health,vain blue,girl teacher class,opposite brag awareness history behaviour rape life backwards thinking,saturday ticket
12,absolute madness,thread mechanism inflation activist terfs,people life work business situation circle,gosh someone profound debate,nothing system
13,fight insane,thread expense virgin,business type dare others clown pirate look fawkes business opinion,argue cmndctrl,fuck system
14,madness well,thread zinger receipt,people business,argument thing,system betamax
15,paulette weekend,thank tweet watch,dollar feat music,bill woman abortion doctor people life child bullet,anyone place hotel tenerife january middle heart couple battery nothing duty
16,spare weekend,thanks tweet,people music money medium work money music,court abortion supply target owner,peep anyone hotel park hotel centre hotel
17,gari weekend,thanks twitter,music dollar,womb nobody right state wade abortion right activist world letter,hotel california
18,evidence takeaway curry,standard date xander,label label month project brummy shout time,imagine word,headline oaps child
19,talent curry,ability practice date,label stuff,imagine food,sorry headline
20,star game curry,date meant,label situation,imagine anything,part headline
21,thanks thing,argh thing account,opportunity someone,basic term incident abuse incident abuse pakistani community help,sustainability livery aeoj
22,thanks thing,dont account,child opportunity problem,point abuse,bookmark logo idea logo
23,thanks thing,something account return,opportunity disrespectful life life horse fact promos issue work change calm mature voice,year healing version multiple abuser network action space,logo project time
24,ehrc thing,folk kanye towards health issue need behaviour wife daughter none someone need,thousand story,colour blindness,ticket face value stand tour afraid
25,thing yday,kanye moment,wise choice thousand people home,color session,pricing ticketmaster answer face value ticket
26,thing cheep,remark people surprising kanye effect,crowd thousand people hero experience time,line colour space,prop price ticket face value
27,conservative sort folk vietnam music knowledge state grunge,today freind brother character pair wing beginning thing,selfrespect tripe,team member executive producer shape,lineup support
28,folk music chapter,plan family hour therefore jonas brother video membership,profile right reason selfserving,producer studio engineer experiment,lineup mary
29,folk folk lizzo word folk realise song everyone folk thing,brother subscription birthday,lack self,announcement arise director producer list iawn mehdi,right noone lineup
30,wanna folk,list work,devey dragon,people xinjiang year,milton keynes jungle mate
31,folk hullensians,list thing,house dragon,people year,milton keynes
32,folk query,item query,korra netflix action film team animation creator dragon prince gotta action,amor people year,baden powell
33,hate people,planning audience thanks reward comms video messenger work year admirationlove community chuffed,echt zoom,dinosaur friend implication,news word takedown merch show
34,person hater hate,gent colleague audience,stay friend zoom,thanks dino adventure,bond case camp merch choosing merch
35,thing hater,problem audience public,anall yesterday zoom,progress dinosaur,admin merch part brand today silence
36,harwell link,list thank youuu,research mine link reply,conference hinduism ideology hinduism,tour guest music violin music management
37,space link link,thanks year others list,thanks sort thinking firm word question bona fide researcher please,religion tsayin,wednesday ticket music management
38,link info,list thanks,something research,feeling religion sort,summer ticket music management
39,somebody affection,blackout half mixer,year time,country time country christian neighbour rhetoric atheist,people atlantic resource impact tour
40,love love,everyone pioneer mixer,time year,atheism atheism kind faith,tour support dream combo
41,love sosa bear,problem track mixing mastering ballache,time year,choice atheist,place mark vincent tour
42,support environment,tweet year,join march meeting collaboration port,page idea,year show miss
43,support need,tweet year today handle reply look date party twitter handle someone,imagine planning meeting,page sure,year watching eurotrash exorcist
44,awful hell lack support result anyway,year twitter,chance manage cobra meeting,page woop,year show
45,thanks erin,tweet thing term something music everything,anyone frame reference thought study idea career adulthood time,reporting clarissa woman street woman taliban,typo message
46,thanks jane,twitter usage discord server show scotland music,piece career mater study career,nazanin year woman deference opinion view country hostage,typo lowervoice
47,thanks bunny,tweet music,guess career people someone,taliban woman,post typo
48,kind peter diolch,maisie timeline,anyone kara online avenue inperson teacher fails,egging hero,slot opposite move booking time club travel
49,peter bind,timeline right suppression,classroom work teacher person request,ideal hero insane season,anyone exam booking question
50,term peter sense,timeline cleanse,teacher board couple year issue teacher,hero area brag wait,person group booking yatch
51,godspeed england,phone follower proud,opportunity offer,failure existence goal,message execution preorder poster
52,capacity england,evening night follower follower baghead pootin,happening offer term,startup mindset approach status failure example startup,news preorder
53,england move pesky frog,limit guess follower,opportunity offer facilitator gwent,anyone question life choice,debut drop twitch happen edition skull logo preorder colour order thursday
54,thanks inspiring read,parody account award,please wave thismore feed member community feeling,music industry meltdown post minute eceryone post woman thing name,yeah slog stage
55,worth reading,parody account,magic feed,guess music industry suck woman object america music woman,thing stage
56,thank write,parody account video,rule anyone faken feed unfollow care decade stop crap,woman music industry,stage hand start
57,doubt muffin,foundation paypal account equity bank account,target community residency tonight,everyone flams diddles doom scrolling,seat stage measure seat tout earth market
58,caramel muffin,business account benefit account business,community residency donate,yyyyuuuup britain covid doom loop larry elliott,seat number
59,freakyyyyyyy mahomes,something money account,people twitter community residency donate,thats yall gotta stop doom singer,change bredrins seat
60,mutuals attack titan manga time,britney trust anyone life,question musician,bottom barrel bigot anger otherwise existence people cunt,bessie smith sugar bowl
61,titan championship game,debut headline manchester vibrant cheeky madonna lipa britney ticket,imagine iconic musician musician need,people bigot glad clarification,santa barbara bowl
62,looool speak anime knowledge manga knowledge part season thing regret,simon garfunkel britney spear count chocula game answer,musician disorder,bigot bigotry right,grid wattage foot bowl
63,afternoon ishyacousin,photo herne pier,country nigeria,opinion prick jones people show,chard gonna fall
64,hello talk afternoon,pier august detail space,thing nigeria people society competent,praise jones bros,level charli
65,afternoon value,advert pier pier bollock well misread,story insult nigeria,book jones husband evelyn hugo character,knot rntl charlatan
66,thanks thank,life brick mason,share invitationproposal kenya africa,0,0
67,immense thanks,piece brick name imagination,share proposal kenya,0,0
68,thank thanks,home rookie fresh brick course grenfell housing vein,plan framework kenya service term view resource posterity kenyan benefit humankind resource posterity benefit humankind,0,0
69,photo gold,point though reference lake reason,hunt dolphin whale petition,0,0
70,gold bunker,view lake malawi,people dolphin shock,0,0
71,shenseea thank gold certification,fine dandy wait till lake,dolphin island hunt history name dolphin grind,0,0
72,shout jits look,night stockport blue thanks everyone rain music,judge forward line midfield naivety side season back,0,0
73,something shout,night blue stockport blue talent thing someone sausage,yeah midfield half change suit possession,0,0
74,shout bale,stockport blue society tonight night blue,yeah palace game people pressing style defence defence mistake lack threat richy,0,0
75,thank support,slipper baffieenvy,hand piano piece,0,0
76,thanks support,ruby slipper,piano inflection,0,0
77,thanks support,comfrey slipper,yeah piano,0,0
78,sorry glad,race moyglare season target meditate,movie night footage playing front deny defence,0,0
79,ahaha glad,brilliant mich yoga meditation anybody,hello night afterfilm experience,0,0
80,youre youre welcome,nothing workout minute meditation round hour,night film,0,0
81,twenty henry hoover,retweet follower,hour episode layer song,0,0
82,robot cleaning hoooooooooooo,follower tweet people,hour album anyone meet,0,0
83,latejust robot,pity heart approval tweet,hour return play artist album,0,0
84,music thanks,worry issue heck help discord class shels,battle jigga,0,0
85,thanks music,welcome mate discord,battle prowse,0,0
86,thanks music,worry morning discord,battle commence,0,0
87,music today,button life cruel,first today lesson,0,0
88,music today,smash button,lesson lfts,0,0
89,today music,garbage button button part navigation,gonna lesson,0,0
90,sunday bloody writer easter bloody bloody,holy shittttttttttt,castle ruin medieval castle trip,0,0
91,bloody foreigner,holy shit,context castle home,0,0
92,bloody nora,holy shit,view cadbury castle,0,0
93,thank friend,0,flute baseball batswordgun flute flute hole paper lampshade,0,0
94,thank friend,0,baroque flute guru tell flute instrument similarity,0,0
95,grateful friend,0,flute barrel joint foil flute thing hand piece driftwood wormhole flute,0,0
96,spooky angel,0,accordion gentleman musician,0,0
97,potential someone anime werewolf adventure angel gabriel,0,today band accordion group,0,0
98,weeping angel appearance,0,oooh accordion,0,0
99,speaking bottle,0,education time,0,0
100,positivity bottle bulk,0,course load event,0,0
101,bottle afffff,0,trad student time authority evening class language school defeat retirement project future,0,0
102,stone cold,0,producer newport email address,0,0
103,people stonehenge,0,view newport,0,0
104,fuck stone,0,newport youth people people,0,0
105,miss faves,0,indieterria meet,0,0
106,steflon miss,0,indieterria assist,0,0
107,miss haversham regret,0,indieterria friend,0,0
108,bear circle diamond stuff,0,0,0,0
109,wait pokemon diamond tomorrow,0,0,0,0
110,diamond fave wait remake sword flaw side thing,0,0,0,0
111,problem problem sort hollywood security payer disney,0,0,0,0
112,show disney falcon batch,0,0,0,0
113,disney habibti,0,0,0,0
114,prince joke,0,0,0,0
115,nobody rule prince,0,0,0,0
116,mirror purple rain princec,0,0,0,0
117,thank love,0,0,0,0
118,thank love,0,0,0,0
119,thank love,0,0,0,0
120,bunny rider,0,0,0,0
121,copy paste change bunny,0,0,0,0
122,teacher bunny today,0,0,0,0
123,lgatx gaddulliega,0,0,0,0
124,ogron sinn,0,0,0,0
125,glasto year,0,0,0,0
126,thanks weekend,0,0,0,0
127,thanks weekend,0,0,0,0
128,thank weekend,0,0,0,0
129,correction hannah,0,0,0,0
130,test well hannah pinnacle fame,0,0,0,0
131,jesus hannah,0,0,0,0
132,everything britain,0,0,0,0
133,arabia britain,0,0,0,0
134,challenge ukas country,0,0,0,0
135,awwww riff experiment touch band,0,0,0,0
136,oooo sense band member bastard cause riff,0,0,0,0
137,riffz hate genre boundary,0,0,0,0
138,school reunion night carnage clash,0,0,0,0
139,julie right legacy case time julie year school,0,0,0,0
140,word girl fireplace world demon sake angel people school reunion,0,0,0,0
141,hello gladders marlon,0,0,0,0
142,gladders chum marlon,0,0,0,0
143,george glad,0,0,0,0
144,problemo share initiative,0,0,0,0
145,support share,0,0,0,0
146,share support,0,0,0,0
147,powerhouse thanks shoutout,0,0,0,0
148,thanks shout cool shout love,0,0,0,0
149,thanks shout,0,0,0,0
150,thanks moment,0,0,0,0
151,thanks void time,0,0,0,0
152,thanks hour,0,0,0,0
153,threat american today potential frog water temperature,0,0,0,0
154,proof crazy frog imposter frog paris june swine,0,0,0,0
155,update frog repeat frog,0,0,0,0
156,please share thanks,0,0,0,0
157,please share,0,0,0,0
158,please share,0,0,0,0
159,thanks people,0,0,0,0
160,thank people,0,0,0,0
161,amazing thing anybody,0,0,0,0
162,merci kitten,0,0,0,0
163,kitten condition,0,0,0,0
164,kitten kitten making,0,0,0,0
165,recovery love performance year,0,0,0,0
166,crazy love year,0,0,0,0
167,salvia love year,0,0,0,0
168,thanks share,0,0,0,0
169,thanks share,0,0,0,0
170,thanks share,0,0,0,0
171,awww thank,0,0,0,0
172,awww thank,0,0,0,0
173,awwww thanks,0,0,0,0
174,music prelude tune light music,0,0,0,0
175,prelude fire show winter night music,0,0,0,0
176,prelude wind blowing comin,0,0,0,0
177,thank goodness news,0,0,0,0
178,thank goodness,0,0,0,0
179,thank goodness,0,0,0,0
180,feat kitten remix show isolation,0,0,0,0
181,release kitten bass track love narcissist platform,0,0,0,0
182,music choice music check remix track kitten,0,0,0,0
