,6,0,8,4,1,3,9,7,2,5
0,tiktok dont post anything hero ,plz ,respond boy man reference ,lot love ,girl ,tear ,mess ,matter ,tour ,problem shot 
1,look animal tiktok calm ,plz ,spraying boy ,love lot ,girl ,amount tear fall word wan na ,mess ,matter concern ,jack lutz tour ,shot 
2,i tiktok impact exploitation ,pls ,baby boy ,love lot ,girl ,time mate i tear face everything promise ,mess ,matter ,tour ,shot 
3,pic justice ,idiot ,janesville pharmacy perm janesville ,tbh ,man ,die ,zoo ,bloody planet ,thank ,fact harry concern archie 
4,pic justice ,idiot ,janesville pharmacy perm janesville ,tbh ,man ,embrace death ,story filipino zoo filipiknow ,planet ,thank ,reemerge harry dumb 
5,pic justice ,idiot ,janesville pharmacy perm janesville ,tbh lol ,man baby ,die ,trip visit attraction ark zoo farm view photo facebook page click ,peace corner planet need tonight ,thank ,yeah harry call 
6,photo ,time ,day lawton ,tho ,fond ,worth goody ,trip ,manager everyone job yoursbut thing fuck ,hear sarah ,tweet 
7,photo ,time ,day lawton ,tho haha ,oooo fancy ,worth ,trip see ,manager monopoli ,sarah ,george tweet 
8,photo ,time ,day lawton ,tho ,fancy ,worthing ,trip see ,manager alfreton ,sarah ,tweet 
9,photo kemah boardwalk ,walk temple ,worker sitka ,lot ,call twetteri ,way mother ship today ,schroedinger head ,care ,hope smile ,cant 
10,image ,walk lead world ,worker sitka ,lot ,twit ,mother day ,someone head ,care ,make smile ,cant 
11,medium image ,mid walk stuff ,worker sitka ,lot ,twit ,mother day ,head ,care ,smile right denier ,cant 
12,pic ,posh ,medsurg night lawton ,sorry ,birthday ,college station ,decision tom ,victim cruel disease rip ,everyone ,spoiler 
13,pic ,check pootle ,medsurg night lawton ,sorry ,born ,college station ,haaay salamat call tom ,world cruel heart break kelsey baby ,everyone ,nope design everything wan spoiler 
14,pic ,posh meal ,medsurg night lawton ,sorry ,birthday ,college station ,tom rest ,cruel world ,everyone ,spoiler 
15,game message mine apple ,sunshine ,boy ,okay ,adam ,day ,hannah board ,harsh ,urgh ,loud 
16,apple product ,youre ray sunshine ,boy ,okay ,adam ,day ,adult screen student hannah highlighting ,brutal ,argh ,loud 
17,apple iphone chip advance ,sunshine whilst ,boy ,okay ,adam ,day ,hannah magnum ,wow anyone cruel ,arrrrrgh ,loud 
18,elf time year share elf pic help country trick ,team ,publication day josh ,dont ,hope ipdatedz ,day description helena ,bet ,kind ,please shut ,work today 
19,mark picture decade fact way ,team ,publication ,dont ,birthday hope day ,day description helena ,bet lol build ,kind ,esme wont shut ,work today 
20,stick see help year progress pic loss help way hope work progress ,team ,publication day ,dont ,birthday hope day ,day description helena ,bet ,kind ,shut ,work today 
21,risk management alexandria bay ,saw ,couldnt ,policing issue ,hahaha handsome ,vvsc vail ,weekend ,owen ,donna ,noooo 
22,risk management alexandria bay ,saw stop ,couldnt ,police ,handsome ,vvsc vail ,weekend ,owen farrell ,family donna ,noooooooo 
23,risk management alexandria bay ,itll visit saw ,couldnt ,form police ,handsome ,vvsc vail ,weekend ,brilliant darren ,see dame donna ,noooooo 
24,look advertising campaign issue join ,super ,dont work sure ,day newport ,disney money dont dare ,detail ,hiiiiii ,nurse ,havent ,cant tweet 
25,look advertising campaign care management solution ,super ,dont work ,day newport ,disney world capacity studio busch garden sea world etc ,detail alibi oooh ,eiiiiiiii hooooorrrribleeeee ,nurse ,havent ,cant tweet 
26,look advertising campaign issue join ,super ,work disappointing ,day newport ,borat disney word ,detail ,woiiiii ,folx nurse ,havent ,cant tweet 
27,sunak truss debate face mallet decision ,week ,theyre lol ,corfu ,thank lou support wise advice ,win cheering ,teenager ,majority ,afternoon ,figure 
28,sunak truss ,week ,theyre ,cossie ,goodness youre support team work work thankyou touch ,cheer ,teenager ,majority size ,afternoon ,figure 
29,news cancel leadership debate sunak truss part ,week ,theyre ,corrigendum ,thank love fifi support ,cheer please note doggo ,teenager world end problem signal ,majority arent top ,afternoon ,figure 
30,forget ,education attribution ,goodness stay ,life hype ,enjoy ,mama khan ,game football ,sober ,dream become reality kitchen ,twitter i worry caveman slur 
31,yeah forget ,education lifestyle help everyone ,hope stay ,life ,enjoy ,mama okay ,state origin football particulary ,quiz sober night ,hung cry kitchen ,assumption tweet wonder 
32,youre forget face ,education ,thank hope stay ,life ,enjoy ,mama ,football ,babe drunk ,kitchen come child ,tweet youre guidance 
33,photo thank smile ,evening ,hope ,wait ,guy ,wouldnt hurt ,soul mate ,nope ,mouth ,character 
34,thank photo thank ,cross evening ,hope ,wait read ,guy ,wouldnt ,soul thing earth ,nope ,mouth pudd gravy ,character 
35,thank illustration ,evening ,hope lol ,god wait ,guy ,wouldnt ,soul ,nope ,yea mouth think ,character development 
36,memory ,hearing accent ,disappointment ,thank everyone ,bit ,work ,thank youuuu ,anyone ,reason someone smile today ,think see tweet 
37,memory one ,ppl accent ,feel disappointment frustration ,thank everyone ,bit ,work ,thank youuuuu ,refreshment anyone ,see word smile cxh today tomorrow ,woah tweet use 
38,memory ,accent ,day disappointment ,thank team afternoon jab ,bit ,work ,thank youuuu ,anyone ,today reminder effort check life reason someone smile today ,algorithm youll blind tweet please pointless follow 
39,therapy knitting ,get time ,stay ,carrot ,birthday day ,guide ,surrey ,thread ,morning loving ,tweet day yesterday moment 
40,knitting storage anything month sarah ,motd time ,stay ,gel mat carrot today ,birthday day ,guide ,move essex imagine nice patient ,thread ,cuteness effect morning ,tweet day 
41,dare ask doe knitting andor seder prep ,time question ,stay ,carrot please carrot ,birthday day ,youre referencing guide ,area essex today ,thread laugh ,morning smile ,tweet day 
42,sue ,grl community ,hope today ,lady ,birthday app ,bloody hell ,hour ,earth ,shaq ,example 
43,sue ,grl cat ,thank hope today ,lady ,birthday birthday birthday roger birthday youuuuuuu ,bloody hell ,hour ,man earth ,shabbat shalom brother ,example 
44,youre type lurker sue ,post gri ,hope today ,lady ,happiest birthday ,bloody hell man ,hour ,lord goodness sake earth conversation ,shaina stirrer ,example 
45,sketch show ,rubbish ,batsman bowler willey ,alright ,thank guy ,bloody ,load ,righty ,birthday phil ,nah 
46,love sketchnote ,rubbish ,pilot cricket pursuit bird school team cut team selection ,alright ,enjoy baby ,bloody tho ,homework way part load ,right ,way phil ,nahhhh 
47,view draw contract playercoach ,rubbish ,cricket ,alright ,thankyou girl ,bloody ,load ,right ,phil ,nah 
48,wolf ,confirm ,need home ,wont vey thank ,birthday girl ,village morning road primulai hasnt patch campus player day ,wet ,wow ,day everyone ,welcome gang 
49,i wolfie way ,confirm ,try home ,wont ,birthday girl ,student day ,wet ,wow ,day hell everyone ,tomorrow hour majority gang 
50,look john summer wolf run ,confirm ,reason youre home start walk home night glad friend type sad reason ,wont ,birthday girl ,student year year ,wet ,wow ,day everyone ,group group gang need 
51,look tasty ,pancake day pancake today ,care hope ,someone today appreciate ,reply share positivity everyone ,mom ,water pump road farm boiler zinc bath ,comment ,thank day ,batman 
52,tbh tasty lol ,pancake btw ,hope patient ,someone today ,thank positivity ,mom ,verify pump mmmk ,comment ,argh thank day ,errcpt fact avenger indiana batman wolverine panther poitroit agreement idiot speaking 
53,look tasty ,pancake morning ,care hope ,someone today rat street ,positivity time ,mom ,enjoy pump taste fun feel ,comment ,thank day ,batman 
54,vottion colour ,spring mud ,i forward ,house spring pin ,shrunk ,quality ,erm ,uniform dress hat ,doesnt use iron ,team work win 
55,colour ,round wolf lot water mud face plant mud someone photo casualty contact way home fab day sunshine ,forward ,need screech pin ,shrunk ,quality ,erm ,novelty hat ,iron ,team work danger sure 
56,character colour ,day boy mud ,forward ,pin wtf ,buying tissue buying stretcher ,compromise quality ,erm ,prefer hat ,look iron bru beer ,team work 
57,nrw germany ,save holibobs ,hope vibe right ,love sorry loss ,work day ,nightmare iron ,work week ,thank scheme ,thank support ,ooooh 
58,gosh germany ,holla ,hope none feeling unwell ,love sorry loss rest ,work day ,nightmare ,hmmmm work week paint nail ,thank kind sir ,thank support ,ooooh 
59,germany ,hoe ,hope feeling ,sorry love ,work shiv day ,want nightmare ,week work tomorrow ,thank kind ,thank support ,ooooh 
60,resolution size space ,lie work train ,september ,love aberdovey ,sorry mate ,question ,break august end idea bloody ,love vibe right ,gemma cap ,reactor 
61,worry size ,accusation everyone lie cheater everyone cheat ,september ,abeg ,mate sorry ,question ,day time august ,lot vibe ,dream night member backstreet boy didnt gemma gemma ,reaction 
62,size size pair ,call lie ,anyone provide sign september ,abeg ooooo ,mate sorry family ynwa ,question ,august ,vibe ,gemma paige stuff ,reaction 
63,apple watch hasnt ,sand ,shell foot ,day lot today photo watford ,human ,shit ,nail varnish hope ,trend hence i saner clime ,night robin dream ,wtf 
64,apple watch game changer ,anything feel sand sea foot ,atrocity shellling ,lot today ,human ,shit ,nail bed turn uptake blood stream hate anatomy physiology ,trend ,dream night friend mine chance ask boris crony question fuck dream ,wtf 
65,tiger kingworth watch ,beach art ,send shell deal ,lot ran ran rang police police day day gabrielle o'gorman ,love human ,shit ,foam flip home nail place doesnt suck ,party dont fake trend ,dream night dreamt perform solo oboe performance practice part dont ,wtf 
66,question camera issue place ,time year ,achievement respect absolute superstar ,word fail ,xxx ,apologise descent man ,hour hour fml ,rob ,havent spot year ,effort xxx 
67,camera sign ,time year one ,superstar ,word system country failure failure ,xxx ,hang apologise ,guess hour ,robs yearold ,havent year time revisit ,time effort 
68,someone camera office ,time year ,superstar ,word fail ,xxx ,apologise ,day hour ,rob lot pull laughing ,wear havent year ,effort cause 
69,rishi pay helicopter trip glitzy tory dinner ,didnt wasnt ,thank look share hope ,isnt ,god cake ,day work ,think min sure ,comment thing path esp someone ,thank steve ,action 
70,democrat rishi sunak join rush dump verity hutton ,wasnt ,look hope ,isnt ,cake ,day job ,min ,comment thing home oppose ,thank shawnappreciatedtry ,action happen 
71,rishi ,wasnt ,hope look ,isnt ,cake ,day job ,min ,look comment item ,thank andy ,action key 
72,terrorist ,day reflection cuppa netflix ,goodness ,yep ,view ,day day ,charlottosaurus hitchadactyl ,respect respect please shut ,thank sarah link ,footage management cross picket line bin depot morning 
73,president zelenskyy terror terror ,reason column netflix sport ,goodness ,yep ,view ,maximus day ,dinosaur ark ,doe anyone experience respect form ,thank sara ,footage image 
74,extremist ,gyud diay nako mailhan rko bbc news netflix ,goodness ,yep ,view ,day day ,dinosaur ,respect ,thank sarah ,problem vhs 
75,match ,snowdon today walk ,post saga review body draft cast dramatisation ,word ,mate ,aunty text bloody hell sure mean cute ,man pound sterling ,wow okay ,work everything ,hurry 
76,pay doubt match ,walk hadrian wall yesterday ,cast eye ,word ,mate ,aunty betty number slot helen something ,call poundland thing pound ,wow wow ,work everyone luck ,hurry 
77,match ,today zwift ate pancake min walk bit work jog day ,cast ,word ,mate ,hello lil aunt ,sterling work sir ,wow wow ,work everyone ,quick 
78,body ,scale snake reno ,wasnt laura friend rate passport ,dont care ,birthday success tomorrow ,holy ,hope weekend misery ,thankyou ,thing mellor villain ,love idea 
79,body vagina ,fang confirmation ,anyone circle passport smartphone driver license dont ,wont care ,pop today birthday ,jesus ,hope weekend ,thankyou ,mel life ,love initiative 
80,body vagina ,snake ,retain passport apply ,dont care anything thing ,birthday today ,jesus ,hope weekend stay ,thankyou ,mel slide ,love program 
81,please link tag master class let ,blossom evening walk ,woolf lock bolt freedom mind ,corrupt rat apology rat ,absolute truth ,dani question ,edge ,thank time help ,pace plog ,video system family footage baby visit unit crisis donation service welcome 
82,tag ,afternoon walk town ,lock wouldnt see fuck rest mentality ,performance rat ,absolute ,nate ,edge girl ,thankyou time whoop ,work course pace pace girl ,video system replacement presence reassure family unit family sibling 
83,tag everyone share please ,evening walk ,latch ,rat wet combo ,absolute state ,jay pick danica ,anyone word edgewise ,thank time ,pace ,ipad cable vcreate charity video access family system staff video photo family view home cable longer need 
84,picture ,year beauty day trial floor youre love world ,shoulder shoulder ,work thank ,shout ,set record joke ,day weekend ,glad ,love lentil curry ,runner screen 
85,picture ,beauty day ,shoulder didnt surgery ,sorry work ,shout ,record ,day weekend ,glad ,join curry ,screen 
86,picture ,oil salesperson time beauty day ,shoulder ,work thank ,shout ,itll record medium ,hey lady weekday weekend ,glad ,thing camile thai ,i screen 
87,inclusion photo day ,year jackie start beach walk ,pleasure ,anniversary ,isnt wish ,regret ,plan trip year week week trip week mess week ,want learn playback theatre disaster read article ,dream ,morning session 
88,banger picture eye day ,walk beach ,pleasure ,anniversary ,wish ,regret wonder ,week week trip ,please theatre ,dream right ,leadership session morning statement 
89,anyone sum mine relationship day picture ,sort beach holiday ,pleasure ,anniversary ,wish ,face regretting ,gosh trip week concern ,day holby quiz today alan afternoon wall art theatre ,dream ,morning conditioning session 
90,look time ,beauty ,hope day ,oooooo ,baby bear ,love moon ear ,hey man suggestion ,view richard ,whatwho smile today ,act 
91,find time everyone way look ,beauty ,hope day well ,ooooooo ,bear market ,earplug help life tomorrow ,suggestion ,richard foundation fam ,whatwho smile today ,act 
92,time look ,beauty ,hope day ,ooooooo ,bear ,earps ,suggestion ,richard jobson ,whatwho smile today ,understand act 
93,day year ,holiday towel beach ,opportunity pleasure ,area ,question ball win ,love becky ,excitement building ,wowweee ,morning everybody ,fan burton emmanuel longelo 
94,day year ,werent dinner beach ,pleasure instalment ,hamilton area ,ball ,becky ,exciting ,wowzer ,morning everybody ,burton 
95,day year minnesota ,beach ,pleasure idea help sarah ,area ,ball ,thread becky ,exciteddd ,wowee ,morning everybody ,burton trent 
96,online ,boot kit friend mine lot work ,hello teresa discussion ,correct show badge smile ,lookit bottom ,month addition series manage throat symptom ,youre manager team leader access coach help culture create value team visit ,anyone help ,member staff louise bellamy zainab idris ,0
97,yaba online ,boot ,dirty theresa court ,someone chaperone name name badge ,bottom ,throat ,culture career leader start jan opportunity ,anyone help ,merry louise ,0
98,wasnt online ,boot please ,everyone teresa tonight ,mixtape badge ,bottom ,throat aim cavity ,treat everyone manager value staff team building day event ,anyone help ,louise brekkie natter thank ,0
99,time photo ,lie ,thing dissociating show hour ,need anything ,view day ,smash deserve ,road trip ,pink ,amy difference ,0
100,time photo ,lie ,aftermath gail schimmel hour ,thing need ,day view ,way smash today information ,road trip ,pink clash ,amy rest ,0
101,time time camera ,lie ,day catch youa pleasure ,someone need ,today view ,way smash today information ,road trip trip ,pink ,project amy ,0
102,use hashtag tweet ,morning walk ,keep quiet ,dranfield ,innocence beautiful slug snail hope animal insect world bless ,hope mirror ,thing internet day clip radio ,recognition school shape health work partnership everyone congratulation ,jody ,0
103,gwen tonight forget use hashtag tweet ,morning walk today everyone morning live ,keep ,anfield ,cry tread snail deal mosquito bite squash childhood basis fuck head ,pleasure comment mirror student ,look radio ,thankyou thankyou health child school ,jill ,0
104,tweet activity hashtag ,walk morning ,save ,field erin ,snail ,mirror reporting ,thank thing radio snack everyone everyone equipment side ,school approach health school daughter understand department issue start ,officer jill twitter ,0
105,thank follow ,move vera lynn ,hope time ,life malta thing keep ,gift ,college ,load love guy thank ,somebody ,news sorry hope secure property ,0
106,need follow ,wow lynn walk today ,hope time ,thing i life everybody ,gift ,postthoughtem college ,hope load love ,someone ,news today party backing party hope view ,0
107,follow ,knsa lynn rosetta ,wow hope time ,thing life youre joke wow ,gift ,college ,load love ,someone ,news hope ,0
108,hashtag lol ,love rain towel dry ,opinion suit emotion ,mind ,dude ,winter ,ohmyggg ,hello annie place friend ,goodness tell afternoon ,0
109,forget hashtag contribution ,towel ,emotion ,mind ,dude ,winter ,omggggg ,annie ,afternoon everyone ,0
110,forget hashtag ,towel towel load ,scope emotion kinda isnt ,mindedness ,dude ,winter ,ughh ugggh ,heat annie ,afternoon everyone ,0
111,preceptorship arrangement sector ,yeah bollock wait throw time ,kath ,yall ,week week topic let talk sex ,look youve competition ,bathing towel time sponge toothbrush something thing matter pas ,hide ,vanessa look story ,0
112,preceptor spot year feel course preceptor buy ,nothing throw lad ,kath ,youll ,week partner ,competition ,toothpaste clothing range ,coalition hide problem solution ,everyone online offline check privilege chamber day joy vanessa ,0
113,preceptorship year review programme helpful ,throwback ,stuff kath ,yall ,week week place let talk sex ,novelty reality effect costume competition line competition ,idea use toothbrush ,hide ,experience hope page contact help vanessa ,0
114,battery change life morrison bottle ,didnt pitch aampe occasion ,calm ,promise ,son fast ,chav dave ,explanation taxi football ,morning sleep position cat foot cat comfort havent ,event jackie ,0
115,coast dad visit place order recharge battery saturday ,baseball college football pitch softball ,child calm ,promise ,son ,dave ,taxi ,morning merv cat garden ,jackie recovery ,0
116,week lucy recharge battery relax ,pitch ,calm carry ,promise ,son ,dave ,offence hotel doorman fact wearing taxi driver dont think week ,morning everyone cat plant idiot dont ,idea jackie ,0
117,spent deal time week grateful support work time time week ,time ,bruise wake call ,ive ,end stick cake damn trifle ,school post otorhinolaryngology ear care centre kaduna admission post otorhinolaryngology nursing session ,tit drunk ,procedure communication manager meet area staff patient ,morning jackie friend today swansea half tomorrow day activity ,0
118,support week ,time ,wake sad ,ive ,hey cake season isnt ,diagnosis patient diagnosis otitis medium look dysfunction recurrent infection symptom ,tit ,line doctor care thing take care patient ,jackie alarm clock order couple day ,0
119,support sure day monday ,time ,way wake work ,ive ,word colleague today cake work cake ,earpod zoom headset caution prone infection start week period week try avoid use thesis device prone infection ,mate i freaking tit ,inequity doctor community face ,morning jackie friend weekend activity number ,0
120,wood ,gwan walthamstow ,haha wale ,damn ,bit day ,competition worth enter ,scotland ,aint goin ,jackie honour work someone time day fun laughter ,0
121,change neck wood guess lol ,god gbbo ,wale ,damn i ,bit day ,competition worth enter ,scotland ,aint ,work jackie ,0
122,i wooden ,gbam system work ,wale ,baby damn ,bit prep today ,competition worth enter ,scotland ,aint ,work jackie ,0
123,sea ,evening beach time team walk beach week ,series brilliant way time series autumn ,wait time year tomorrow ,char xxxx ,insight ,book week person suggestion ,ditto ,brother country honour ,0
124,thing love sea stormy something ,evening beach time team walk beach week ,sign autumn ,wait photo ,xxxx ,insightful doe ,week book ,ditto ,tribute picture ,0
125,sea ,evening beach time team walk beach week ,wow boot autumn ,wait day ,xxxx ,reflect fact theyre insight ,fact book week perfect ,ditto ,recognising tribute act ,0
126,everyone narcissist ,lush enjoy ,goodall ,dont mind oooo ,ebp bit ,thank tony ,headache achy test family trip today ,post way paris ,sara ,0
127,sociopath narcissist ,lush ,good ,dont mind ,bit library ,thank tony ,headache day check hospital check water rest sleep lazy ,paris day lachaise ,hey sara fung ,0
128,narcissist ,aww lush youve thing rescue ,good ,dont mind well ,study bit detail ,thank tony ,study day headache ,paris ,sara ,0
129,question match day ,look love ,baltimore coat ,soggy ,mean ,lad ,vacation ,conspiracy theorist hook school hoax ,thank sarah louise ,0
130,match day home boy ,love view ,benefit wearing coat ,soarele ,mean ,lad ,vacation soooooo dont ,conspiracy theory abound ,thank sarah louise everyone nnu ,0
131,match day day wonder season issue nail ,look love ,sinn fin weekend boris disgrace coat tail despicable ,ego agwugo ,mean ,lad ,vacation today ,conspiracy theory ,thank sarah louise ,0
132,read profile ,patel cant wait ,majority way work morning ,soz selfish ,joy ,thank eid mubarak ,ask share bet ,animal care home proving ,luck sarah ,0
133,hey profile pic stud ,youre face patel position ,majority morning work ,ego ,joyful ,mubarak member celebrating ,beer board game ton bet ,farm animal bring resident face ,hope sarah ,0
134,read profile ,checker workload patel ,morning work ,ego thank ,joy ,eid mubarak today month sunrise sunset food community tweet register event ,look bet cost fortune ,animal welfare issue conscience dog cock fox hunting ,hope youre sarah ,0
135,stick ,year family ,thank hope ,word something ,lot derrick xxxxx ,line manager resource support winter winter workforce preparedness checklist ,coverage rugby league challenge cup sport section today page page football rugby union horse prix golf cricket class ,supra care ,springhill care staff group team care award read article website click ,0
136,stick term ,year family ,thank hope ,word word dcfc vocabulary ,lot get xxx ,account manager problem phone line line ,rugby ,supra care ,management offer community management team springhill care home accrington community support fire press release ,0
137,guess walk stick ,look gosh basin leadership family year ,thank hope ,word concept appreciate ,lot youre xxxx ,research centre factory production line greeter guild model age greeter ,staff hope eat play rugby louise ,supra care ,management offer community management team springhill care home accrington community support fire press release ,0
138,justice ,meg advice room toy ,morning hope day ,thank barbara roadshow experience part learn ,time holiday bike thatll donkey ,eww ,whaaat ,book read ,vitamin help absorption product ,0
139,justice ,meg visit ,morning hope day ,loss barbara ,donkey ,ewwwwww ,whhhaattt ,book read ,know vitamin ,0
140,justice ,meg well ,morning hope day ,barbara ,shame donkey ,eww ,wait whaaaat ,owen book read isnt ,postinor dey hear word postinor vitamin postinor juice postinor emergency situation ,0
141,kerry ,jogger ,hope year year ,thank playing thank kind word heart time ,birthday xxx ,apartment furniture mama ,bonnie scotland day ,healthcare worker ,someone night miracle ,0
142,kerry ,mate jog ,hope number letter fail stay power year ,thank kind word ,birthday xxx ,furniture order ,bonnie scotland day ,ban deployment healthcare worker ,god youve youve miracle pls ,0
143,kerry ,doe anyone dont dodge time jogger occasion ,hope year ,thank kind word ,birthday xxx ,stuff list furniture protection list digging eyeopener ,bonnie scotland day ,healthcare highquality healthcare work planet matron joel colleague pioneer greenest operating theatre england ,research deliberate timed miracle today therapy place ,0
144,sign share seismic breeding ground coast ,time ,send ,cuddle ,trial house dragon ,lmao ,home week baby week ,matron incharge vacancy abimbola hospital maternity ,fake ,0
145,bay pang ,time ,send ,cuddle ,dragon ,lmao ,houseplant luxury spa week ,matron vacancy care hospital ,legit ,0
146,coast ,time ,send ,cuddle ,dragon ,lmao ,today day home week miss ,matron care hospital ,fake ,0
147,liam ,time ,cousin feel credit ,youll appreciate ,thank birthday feel ,oooh ,condition ,nanna doggo today ,everyone sense everybody doe ,0
148,liam person news ,time ,cousin girl age impact life choice barbaric ,youll appreciate ,thank birthday ,oooh ,condition ,doggessenergy help ,doe anyone ,0
149,liam cat course ,time ,cousin baby term ,appreciate ,birthday beaut ,oooooh ,condition reactance suggestion consumption paper ,doggo ,doe everybody ,0
150,level time result attendance pay member rig photo bizarre ,0,deb ,wait truffle ,madness ,section kinda stuff ,league crazzzzy ,lot week news sign ,trini friend thing ,0
151,join challenge need take photo tweet photo hashtag see team ,0,thank deb ,thing wait transformation ,madness ,section doctor legally section section treatment crisis ,league ,news lot access stuff sign ,tricia ,0
152,member height challenge weekend team peak charity memory beth function monitor ,0,thank deb wise word xxx ,turn wait ,madness ,cant home section section ,watch nation feel league ,news feedback practice development school sign receive inbox ,aaaargh trifle ,0
153,issue care magazine ,0,see team wish ,hope youre okay ,nadia ,hint version please ,describe pain focus anything function workload stress level disturbance nurse migraine way manage symptom ,morning richard day ,album chef kiss ,0
154,subscribe care magazine ,0,hope team ticking ,hope youre well ,sharon page level ,clue ,migraine variant nursing consideration ,morning richard day ,chef kiss ,0
155,issue care magazine subscribe today ,0,hope team ,hope youre well ,sharon ,clue ,sub migraine today project area productive ,morning richard ginny day breakfast ,didnt someone chef lady prostitute chef twitter ,0
156,wildlife ,0,family dublin cousin share hope ,hope everyone ,day time ,disease despair ,name ashley ,animal cruelty ,amlie ,0
157,bit wildlife ,0,hope family ,hope everyone ,day time brother ,despair ,name ashley ,point cruelty ,danny sir ,0
158,resist movie poster cheeky hint humour pastime thing wildlife ,0,search family hope boy ,hope everyone well ,buddy check day time ,thank end video plunge despair ,ashley ,cruelty point ,tartan blanket beach ,0
159,newsletter view click link future newsletter enjoy day everyone ,0,accept restriction youre craft project isolation please care blanket parent restriction ,plenty ,hello sweetie ,test abi nkog dugo murag grabeh kulitog nag swab ,boyfriend belt ,sign nursing midwifery matter bulletin news workforce leadership guidance resource practice register ,tortoiseshell butterfly ,0
160,afternoon everyone newsletter view edition click link view enjoy newsletter ,0,restriction check ,plenty ,brain sweetie darlin darlin sweetie boneshaker riddim ,saw middle swab casper ,buckle fucking ,sign nursing midwifery matter bulletin news workforce leadership guidance resource practice register ,meadow brown butterfly ,0
161,afternoon everyone newsletter view edition click link view enjoy newsletter ,0,restriction think support landscape ,dose ,aww job sweetie ,think hour swab site ,way belt ,sign nursing midwifery matter bulletin news workforce leadership guidance resource practice register ,butterfly ,0
162,wouldnt dare ,0,thank goodness ,correct ,invite ,miscarriage ptsd symptom ,january crowd ,create risk fusion process risk track historic risk trend time ,enjoy photo springhill care home staff visitor photograph month chosen springhill care home calendar ,0
163,dare ,0,thank goodness ,correct ,storm invite ,experience activity function doesnt everyone ptsd ,course january ,create risk fusion process risk track historic risk trend time ,enjoy photo springhill care home staff visitor photograph month chosen springhill care home calendar ,0
164,dare look ,0,thank goodness ,correct ,send invite ,mindbody therapy recovering mind ptsd body ptsd body activation stress response ,january event ,create risk fusion process risk track historic risk trend time ,share hobby life springhill staff picture ,0
165,practice review government terror threat level ,0,welcome nursing team ,wait see ,congeniality guy day ,time sorrow glee gyud look tomorrow ,ref rule ,morning merv ,existence dishwasher salt month year ,0
166,oxford research tackle threat resistance interest ,0,see cross nursing team embrace ,soo see record ,guy day ,absolute regret sorrow lesson hour night shift tear ,youre excellent future ref ,morning merv ,dinner cooker washer dishwasher wander home coffee progress ,0
167,threat ,0,teamwork nursing ,wait see ,guy day ,sweetness sorrow moment ,ref thing concern criticism ,morning merv ,cooking pot fit dishwasher cato doesnt dirty housework ,0
168,laminate order carpet ,0,edie ,stuff ,age ,ship action ,work head coach month august ,month midwifery matter bulletin sign news workforce leadership guidance resource practice ,ethel springhill ,0
169,carpet ,0,edie ,stuff ,age ,ship offer please transparent ethic ,work head coach month march ,month midwifery matter bulletin sign news workforce leadership guidance resource practice ,springhill ethel springhill care home launching group life author poet suffragette website ,0
170,way carpet nwo ,0,awwww edie luvly ,stuff ,agen ,fab ship ,work head coach month august ,month midwifery matter bulletin sign news workforce leadership guidance resource practice ,house springhill activity ,0
171,response health care corporation official laid bare disparity country disparity impact color ,0,protect winter delay vaccine youre ,georgina ,hate ,music turn vegan ,work head month ,0,june book haul walker book press ,0
172,spirit healthcare clog color choice ,0,autumn winter protect delay vaccine youre ,conversation person joanne wilson ,yeah hate ,earth product information vegan mind anything ,work head month ,0,book haul orion book ,0
173,report impact community color union nurse justice health care area life ,0,autumn winter protect delay vaccine youre ,joanne stop work ,hate ,read plant vegan ,work head month april ,0,march book haul rebellion publishing ,0
174,dont issue get need word agency ,0,share someone knowampevery moment testbut giggleamp tripamp team team everand ,hope alright ,temptation ,cathy picture ,journalist manager football head coach year ,0,summer thing haul plt haul size woman haul trust watch thank ,0
175,agency time quarter job ,0,circuit game shoot afternoon resort road ampamp labretriever didnt partridge country ,hope well ,obsession thing sex sick ,everyone kind word cathy ,peer manager head coach year ,0,summer thing haul plt haul size woman woman fashion ,0
176,need agency control work ,0,itamp shouldbut cant concentrateamp multitaskid fall ,hope okay ,obsession sex ,birthday cathy ,peer liverpool manager world coach year ,0,shein fashion haul shein ,0
177,season pic magazine ,0,church dublin castle night ,none ,roller skating ,tony ,tweet photo bonnie clyde ,0,touri blogger ,0
178,fire park magazine ,0,note please everyone dublin show ,none ,foam roller ,yall sunday zack cry tony end game ,cat bonnie clyde box living life ,0,pepper pot farm pepper bay book blog tour ,0
179,magazine ,0,killer show party dublin ,none lol ,foam roller ,stay tony ,heard work conference codeine hallucinate name clyde ,0,extract greenwood blog tour ,0
180,jean ,0,term ,aww ,service fool ,guidance syndrome ,scotland day ,0,siadh result retention water leaf body blog post difference siadh ,0
181,friend jean work ,0,term good ,aww ,round day fool ,guidance care ,time year week time friend scotland i ,0,something hormone ,0
182,jean weather yesterday ,0,term ,aww ,fool ,guidance treatment ,scotland day everyone ,0,event change hormone thing ,0
183,amazon end buying test ,0,chuckle ,sir ,thank xxx ,flip portrait artist year contender ,staff management software enhance compliance admin headache kind pressure paper process staff management painless transition team ,0,springhill stop copenhagen view photo click ,0
184,government amazon world ,0,giggle tho ,sir man ,thank xxx ,dog cat pet join mcquail portrait competition qni time start join thank ,staff management software enhance compliance admin headache kind pressure paper process staff management painless transition team ,0,springhill list view award click link ,0
185,didnt amazon ,0,think giggle ,sir ,thank xxx ,pet health enter mcquail portrait competition raise fund qni service time ,staff management software enhance compliance admin headache kind pressure ,0,springhill stop copenhagen view photo click ,0
186,uncle bobby sound bit dodge ,0,heardle ,bit speech oscar ,christine ,thank cathy ,0,0,springhill care monday everyone ,0
187,sweet bobby ,0,heardle ,oscar ,christine ,thank cathy ,0,0,everyone share sidu sidu training session springhill care home today dress everyone ,0
188,bobby lad ,0,heardle ,nothing film king right film award ,christine ,thank cathy ,0,0,afternoon springhill care thursday everyone ,0
189,love photo ,0,sorry quick response weeun ,sorry hare family sad ,look congratulation addition i travelling ,hun ,0,0,0,0
190,love pic ,0,youre bam need wee ,sorry family sound woman ,congratulation look ,hun ,0,0,0,0
191,hahaha love photo ,0,eat wee year ,sorry family ,eye congratulation ,hun ,0,0,0,0
192,advertising campaign magazine month ,0,food tech time chop chop ,opposition ,dude work side paranoia feel sorry ,throat journal case report dislocation ,0,0,0,0
193,campaign magazine issue look ,0,omo chop piece ,evidence substantiate opposition oppose ,work tulip ,read medicine insight throat article today ,0,0,0,0
194,advertising campaign magazine month ,0,chopping skill ,opposition ,work phase ,throat article variety topic research device irrigation ,0,0,0,0
195,wonder link health justice today ,0,manbut love ,run ,hope enjoy ,issue medicine look ,0,0,0,0
196,placement health justice send ,0,manrika ,run ,hope enjoy ,issue medicine look ,0,0,0,0
197,youre tony health justice ,0,aqua manda ,run ,hope enjoy ,issue study drug ,0,0,0,0
198,side knock bristol rover john trophy penalty draw ,0,day knew hope youre well ,haha yeah ,field range age group dont time ,0,0,0,0,0
199,blackburn side knock cup penalty draw ,0,sound right hope day ,haha yup ,age divide rule game dont play ,0,0,0,0,0
200,note non penalty area ,0,day hope ,hahahahhhaha yep ,age group ,0,0,0,0,0
201,booster week match west chesterfield county aston villa woman woman everton boreham wood mansfield exeter city ,0,reframing help blog thing way help emotion think ,sorry today ,show travel charlie please ,0,0,0,0,0
202,match town swindon town jan ,0,blog thing way help emotion thought ,sorry today ,grandson charlie ,0,0,0,0,0
203,match burnley liverpool ,0,reflection week blog wish ,development sorry today ,hope warm charlie ,0,0,0,0,0
204,sue role leader play quality nursing care leader service ,0,thank hope day ,dont get ,brother ,0,0,0,0,0
205,sue role leader play quality nursing care leader service ,0,thank hope day henna ,dont get ,brother ,0,0,0,0,0
206,sue role leader play quality nursing care leader service ,0,thank hope day ,dont get ,brother ,0,0,0,0,0
207,death penalty right stuff ,0,autumn brain zoom seminar lunchtime sipler health development specialist book secure place online ring ,reason colleague gossip lot ,kind judgement anyone discussion learning ,0,0,0,0,0
208,death sentence ,0,autumn life seminar lunchtime seminar zoom sipler health development specialist book contact rcn event ,everyone gossip medium love share gossip news front page story ask twitter ,discussion ,0,0,0,0,0
209,echr priti patel way death sentence ,0,autumn brain zoom seminar lunchtime sipler health development specialist book secure place online ring ,use word sentence visit stuff medium gossip ,discussion sharon ,0,0,0,0,0
210,ceremony zoom congratulation award press release view photo event ,0,date september dementia care nursing home expo see software standard care efficiency register place ,morning run ,thank sharon ,0,0,0,0,0
211,congratulation beautiful photo ,0,date september dementia care nursing home expo see software standard care efficiency register place ,morning run heart ,thank sharon ,0,0,0,0,0
212,congratulation thank photo journalism ,0,date september dementia care nursing home expo see software standard care efficiency register place ,temperature morning run ,thank sharon ,0,0,0,0,0
213,0,0,0,anniversary xxx ,grandson ,0,0,0,0,0
214,0,0,0,lingerie stick mind ,grandson ,0,0,0,0,0
215,0,0,0,anniversary tomorrow year xxx ,grandson ,0,0,0,0,0
216,0,0,0,anyone someone note police officer ,littl snow bod ,0,0,0,0,0
217,0,0,0,tulsa officer chief ,doe snow ,0,0,0,0,0
218,0,0,0,officer tbh ignore ,snow ,0,0,0,0,0
219,0,0,0,cool fringe politician ,itll ,0,0,0,0,0
220,0,0,0,audience tonight chance line government touch politician key attributeempathy ,think itll ,0,0,0,0,0
221,0,0,0,politician watch wear politician ,itch ,0,0,0,0,0
222,0,0,0,hate daisy ,love darling ,0,0,0,0,0
223,0,0,0,daisy perfume hate ,thank darling plan work ,0,0,0,0,0
224,0,0,0,daisy ,darling ,0,0,0,0,0
225,0,0,0,awww bless ,course parent love xxxx ,0,0,0,0,0
226,0,0,0,awww bless cant youre see dont rule ,love xxxxx ,0,0,0,0,0
227,0,0,0,aww bless ,love xxx ,0,0,0,0,0
228,0,0,0,answer unemployment week ,leigh ,0,0,0,0,0
229,0,0,0,record unemployment week ,leigh ,0,0,0,0,0
230,0,0,0,judge lawsuit unemployment system ,leigh ,0,0,0,0,0
231,0,0,0,officer vacancy hospital ,thing difference share work cant ,0,0,0,0,0
232,0,0,0,officer program vacancy fistula healthcare foundation sfhf ,organisation encourage share work confidence ,0,0,0,0,0
233,0,0,0,officer vacancy hospital ,plenty share ration week bit time ,0,0,0,0,0
234,0,0,0,health care officer vacancy population service psi ,gary ,0,0,0,0,0
235,0,0,0,health officer asrh vacancy concern development greencode ,try gary ,0,0,0,0,0
236,0,0,0,vacancy health maintenance organization hmo ,gary ,0,0,0,0,0
237,0,0,0,0,birthday man enjoy ,0,0,0,0,0
238,0,0,0,0,guy guy birthday october ,0,0,0,0,0
239,0,0,0,0,birthday man ,0,0,0,0,0
240,0,0,0,0,time enjoy ,0,0,0,0,0
241,0,0,0,0,enjoy time ,0,0,0,0,0
242,0,0,0,0,hello enter time whilst ,0,0,0,0,0
243,0,0,0,0,morning jon ,0,0,0,0,0
244,0,0,0,0,morning jon ,0,0,0,0,0
245,0,0,0,0,morning jon ,0,0,0,0,0
246,0,0,0,0,legend ,0,0,0,0,0
247,0,0,0,0,legend ,0,0,0,0,0
248,0,0,0,0,legend ,0,0,0,0,0
249,0,0,0,0,panel treat read ,0,0,0,0,0
250,0,0,0,0,panel discussion nti ,0,0,0,0,0
251,0,0,0,0,panel ,0,0,0,0,0
252,0,0,0,0,rabbit honey yes honey pot ,0,0,0,0,0
253,0,0,0,0,honey ,0,0,0,0,0
254,0,0,0,0,honey ,0,0,0,0,0
255,0,0,0,0,week pizza tho ,0,0,0,0,0
256,0,0,0,0,pizza half hour tracker ,0,0,0,0,0
257,0,0,0,0,greedy haha pizza today tho ,0,0,0,0,0
258,0,0,0,0,packet enjoy ,0,0,0,0,0
259,0,0,0,0,packet ,0,0,0,0,0
260,0,0,0,0,think packet ,0,0,0,0,0
261,0,0,0,0,bow remember shit ,0,0,0,0,0
262,0,0,0,0,arrow ,0,0,0,0,0
263,0,0,0,0,bow worthy ,0,0,0,0,0
264,0,0,0,0,absolute babe ,0,0,0,0,0
265,0,0,0,0,babe ,0,0,0,0,0
266,0,0,0,0,babe ,0,0,0,0,0
267,0,0,0,0,dude slippery slope ,0,0,0,0,0
268,0,0,0,0,steep ,0,0,0,0,0
269,0,0,0,0,slope ,0,0,0,0,0
270,0,0,0,0,morning beaut ,0,0,0,0,0
271,0,0,0,0,morning babe ,0,0,0,0,0
272,0,0,0,0,morning sweetheart ,0,0,0,0,0
273,0,0,0,0,rebecca lowe term joy ,0,0,0,0,0
274,0,0,0,0,life joy ,0,0,0,0,0
275,0,0,0,0,joy work ,0,0,0,0,0
276,0,0,0,0,minority group adversity life service jim richardson discus importance value belief practice care ,0,0,0,0,0
277,0,0,0,0,issue health practice practitioner need care health meet need ,0,0,0,0,0
278,0,0,0,0,issue adult health condition smi historybut health phys health need manage community ,0,0,0,0,0
279,0,0,0,0,congratulation woman xxxx ,0,0,0,0,0
280,0,0,0,0,congratulation xxx ,0,0,0,0,0
281,0,0,0,0,picture congratulation xxx ,0,0,0,0,0
282,0,0,0,0,reach faculty graduate student advisor graduate student structure ,0,0,0,0,0
283,0,0,0,0,bevy graduate ,0,0,0,0,0
284,0,0,0,0,graduate ,0,0,0,0,0
285,0,0,0,0,love guy ,0,0,0,0,0
286,0,0,0,0,love guy positivity ,0,0,0,0,0
287,0,0,0,0,love guy ,0,0,0,0,0
288,0,0,0,0,morning iris day ,0,0,0,0,0
289,0,0,0,0,iris variety year year well time ,0,0,0,0,0
290,0,0,0,0,birthday iris ,0,0,0,0,0
291,0,0,0,0,recovery penny ,0,0,0,0,0
292,0,0,0,0,penny ,0,0,0,0,0
293,0,0,0,0,penny idea time ,0,0,0,0,0
294,0,0,0,0,bite ,0,0,0,0,0
295,0,0,0,0,gnat bite scar thing ,0,0,0,0,0
296,0,0,0,0,upland biting ,0,0,0,0,0
297,0,0,0,0,hiya name introduce end engagement ,0,0,0,0,0
298,0,0,0,0,hihi ,0,0,0,0,0
299,0,0,0,0,youre round pear hibernation ,0,0,0,0,0
300,0,0,0,0,bit ,0,0,0,0,0
301,0,0,0,0,psyche bit ,0,0,0,0,0
302,0,0,0,0,bit ,0,0,0,0,0
303,0,0,0,0,growl ,0,0,0,0,0
304,0,0,0,0,howlin ,0,0,0,0,0
305,0,0,0,0,dog cloakroom wait get howl ,0,0,0,0,0
306,0,0,0,0,bit bit ,0,0,0,0,0
307,0,0,0,0,bit hero ,0,0,0,0,0
308,0,0,0,0,bit boy ish ,0,0,0,0,0
309,0,0,0,0,hate couldnt help ,0,0,0,0,0
310,0,0,0,0,catch sht i love hate ,0,0,0,0,0
311,0,0,0,0,hate dont ,0,0,0,0,0
312,0,0,0,0,omg please vile get ,0,0,0,0,0
313,0,0,0,0,vile human ,0,0,0,0,0
314,0,0,0,0,vile ,0,0,0,0,0
315,0,0,0,0,fellow ,0,0,0,0,0
316,0,0,0,0,fellow ,0,0,0,0,0
317,0,0,0,0,kudos ,0,0,0,0,0
318,0,0,0,0,benji ,0,0,0,0,0
319,0,0,0,0,benji ,0,0,0,0,0
320,0,0,0,0,beautiful benji ,0,0,0,0,0
321,0,0,0,0,gift sublimation printing method ,0,0,0,0,0
322,0,0,0,0,gift sublimation printing method touch look present ,0,0,0,0,0
323,0,0,0,0,gift sublimation printing method ,0,0,0,0,0
324,0,0,0,0,morning christine river hope day ,0,0,0,0,0
325,0,0,0,0,morning christine day ,0,0,0,0,0
326,0,0,0,0,morning christine ,0,0,0,0,0
