id,created_at,edit_history_tweet_ids,text,clean_text
1.5647257474529894e+18,2022-08-30 21:24:24+00:00,['1564725747452989440'],"Hmm.
No mention of @eiecampaign at Manchester on @BBCRadio4 news tonight.
I wonder why.
#biasedmedia",hmm mention manchester news tonight wonder
1.5646921968461906e+18,2022-08-30 19:11:04+00:00,['1564692196846190592'],@AgendaForReform @PeterStefanovi2 @SkyNews @Conservatives I never had any such illusion. They only care for themselves.,never illusion care
1.5636574519074734e+18,2022-08-27 22:39:22+00:00,['1563657451907473409'],"@snowleopardess @acgrayling She doesn't give a f*ck about anything about becoming pm.
I'm wondering how many diehard tories are wishing JRM or Patel had thrown their hats in the ring!",give fck anything becoming i'm wondering many diehard tory wishing jrm patel thrown hat ring
1.5636570124661228e+18,2022-08-27 22:37:37+00:00,['1563657012466122752'],"@BBCRadio2 I'm old enough to remember mullet haircuts first time round; now they're coming back! 
Recently I turned 51.....",i'm old enough remember mullet haircut first time round they're coming back recently turned
1.562406121041789e+18,2022-08-24 11:47:02+00:00,['1562406121041788928'],"@Normanjam671 So the govt can say,""look how many new doctors we've employed!"" Vote for us!!",govt saylook many new doctor we've employed vote
1.562116639973335e+18,2022-08-23 16:36:44+00:00,['1562116639973335041'],@Ferretgrove @ER_EJR @InlimboV @water_mermaid1 Jesus that's scary! üò≤,jesus that's scary
1.5621154423024108e+18,2022-08-23 16:31:58+00:00,['1562115442302410752'],"@ER_EJR @Ferretgrove @InlimboV @water_mermaid1 What's this,spot the difference?",what's thisspot difference
1.561912855296983e+18,2022-08-23 03:06:58+00:00,['1561912855296983041'],"@PeterStefanovi2 Her snooty, sneering arrogance and haughty manner make her the most hated amongst politicians. I hope she's proud of herself.",snooty sneering arrogance haughty manner make hated amongst politician hope proud
1.5617933114212024e+18,2022-08-22 19:11:56+00:00,['1561793311421202432'],@LordAshcroft The party faithful must feel they are caught between a rock &amp; a hard place. I wonder how many wish JRM or Patel had stood for leadership.,party faithful must feel caught rock amp hard place wonder many wish jrm patel stood leadership
1.5617727084966584e+18,2022-08-22 17:50:04+00:00,['1561772708496658434'],"He spoke the truth.
People need to listen. https://t.co/IvDPacQgkG",spoke truth people need listen
1.5613260875310203e+18,2022-08-21 12:15:21+00:00,['1561326087531020296'],@eltomas87 Right.Good luck!,rightgood luck
1.5613073553499095e+18,2022-08-21 11:00:55+00:00,['1561307355349909504'],@eltomas87 Usual farce.I had to get special exemption from them to keep working when my licence expired.A whole hour on the phone! Good luck.,usual farcei get special exemption keep working licence expireda whole hour phone good luck
1.5612787074608742e+18,2022-08-21 09:07:05+00:00,['1561278707460874241'],"@eltomas87 You not trying buses again? Got to be careful with promotion,usually more stress without the reward.",trying bus got careful promotionusually stress without reward
1.5612444123568292e+18,2022-08-21 06:50:49+00:00,['1561244412356829193'],"Jeez.
Feel shite right now.Can't tell anyone on Facebook that though,close family will basically tell me to man up,as they are suffering too.
Hate it when I feel I can't even talk to them without them having a go at me.
Families can be awful sometimes.",jeez feel shite right nowcan't tell anyone facebook thoughclose family basically tell man upas suffering hate feel can't even talk without family awful sometimes
1.5605612941507338e+18,2022-08-19 09:36:21+00:00,['1560561294150733824'],Why oh why are @UKLabour being so quiet over the recent @RMTunion strikes? Is it because they're ashamed of the working class?,quiet recent strike they're ashamed working class
1.56046837891704e+18,2022-08-19 03:27:08+00:00,['1560468378917040128'],@TedMaul13 @mrjamesob @RMTunion @CWUnews @The_TUC Did you expect anything else?,expect anything else
1.5602248938950738e+18,2022-08-18 11:19:36+00:00,['1560224893895073793'],"Well after todays announcement from the Bank of England , there is something very very very wrong (cont) https://t.co/eRUsv7vc16",well today announcement bank england something wrong cont
1.558869899895767e+18,2022-08-14 17:35:21+00:00,['1558869899895767040'],Oh Dear.....How Sad..... https://t.co/sOY4GVJl0O,dearhow sad
1.558825476319232e+18,2022-08-14 14:38:49+00:00,['1558825476319232002'],@WestRidingLRR Thank you for responding. I'll be back in the West very soon. It will always remain one of my favourite pubs.,thank responding i'll back west soon always remain one favourite pub
1.558824701769785e+18,2022-08-14 14:35:45+00:00,['1558824701769785344'],@eltomas87 @WestRidingLRR Nail on head Tom!,nail head tom
1.5588245519366636e+18,2022-08-14 14:35:09+00:00,['1558824551936663557'],"@WestRidingLRR I tried the dark ""coffee"" mild last night which was ok but not outstanding.I don't like Landlord (never have) but would like to see more traditional ales.Thank you for your response.",tried dark coffee mild last night outstandingi like landlord never would like see traditional alesthank response
1.558716386872103e+18,2022-08-14 07:25:20+00:00,['1558716386872102913'],@virgosam70 @ollyo9 Never happen. Truss would be taken to the cleaners by Martin Lewis &amp; Mick Lynch would wipe the floor with Rishi. And they know it.,never happen truss would taken cleaner martin lewis amp mick lynch would wipe floor rishi know
1.5587159543762985e+18,2022-08-14 07:23:37+00:00,['1558715954376298496'],@GBNEWS Words fail me.....,word fail
1.5587089092879073e+18,2022-08-14 06:55:38+00:00,['1558708909287907330'],That should read Hop garden!,read hop garden
1.5587085768976955e+18,2022-08-14 06:54:18+00:00,['1558708576897695745'],Had a few ales in @WestRidingLRR last night. A bar full of beer most people have never heard of.None very rateable but in good condition.Why can't they get some more mainstream ales on instead of flowery IPAs that smell like a hip garden?,ale last night bar full beer people never heard ofnone rateable good conditionwhy can't get mainstream ale instead flowery ipas smell like hip garden
1.5583783769178194e+18,2022-08-13 09:02:12+00:00,['1558378376917819392'],"""Politicians &amp; diapers should be changed frequently and for the same reason.""
Mark Twain.",politician amp diaper changed frequently reason mark twain
1.5583781820841042e+18,2022-08-13 09:01:26+00:00,['1558378182084104192'],@eltomas87 Very true.,true
1.5583508839261798e+18,2022-08-13 07:12:58+00:00,['1558350883926179840'],"Seriously, why all the talk about Salman Rushdie?
The country is in a right mess &amp; this is top of the news?!
There are far worse things going on in the world.",seriously talk salman rushdie country right mess amp top news far worse thing going world
1.5578469440006472e+18,2022-08-11 21:50:29+00:00,['1557846944000647168'],https://t.co/CDNtaQZ8nt,
1.557351279793705e+18,2022-08-10 13:00:53+00:00,['1557351279793704963'],"So whilst I sit here contemplating the sad state of the UK railways at the moment

The Truth Behind (cont) https://t.co/11wzJYmElY",whilst sit contemplating sad state railway moment truth behind cont
1.557275010036912e+18,2022-08-10 07:57:49+00:00,['1557275010036912128'],"Funny, but this is the way we are going...

A man calls Pizza hut to order a pizza...
CALLER:  Is (cont) https://t.co/IwKS7RudkS",funny way going man call pizza hut order pizza caller cont
1.5570535283628524e+18,2022-08-09 17:17:44+00:00,['1557053528362852354'],"@eltomas87 @Joker7797965060 @JedKendray @ColasRailUK I was,yes.",wasyes
1.5570093302511206e+18,2022-08-09 14:22:06+00:00,['1557009330251120641'],"@Joker7797965060 @JedKendray @ColasRailUK Same loco, same train. Only yesterday! Thornhill LNW Jct. My photo. https://t.co/XMegcMOZhI",loco train yesterday thornhill lnw jct photo
1.5570090459906458e+18,2022-08-09 14:20:59+00:00,['1557009045990645761'],https://t.co/byiRi2UJkN,
1.5549770827189453e+18,2022-08-03 23:46:41+00:00,['1554977082718945280'],https://t.co/XanpHO2DnQ,
1.554768297501016e+18,2022-08-03 09:57:02+00:00,['1554768297501016067'],@RailwayMuseum Hell of a pic!,hell pic
1.5546001906817966e+18,2022-08-02 22:49:03+00:00,['1554600190681796608'],"@thecarfactoids @neilmbriscoe @t2stu @DarraghMcKenna @TopOfTheTower @StvCr @TalbotGroupe @Rootes_Group @jertownsend @mrtn76 @PracticalClass @classicretromod Shh,are those the tappets rattling I hear? Or is it the corrosion?",shhare tappet rattling hear corrosion
1.5545998586438203e+18,2022-08-02 22:47:44+00:00,['1554599858643820544'],"Just been told (indirectly) that I'm the worst bus driver ever.
(I didn't think anyone else knew that!)

But.....

I remember faces-always.

And the next time I see this piece of monkey sh*t at a bus stop; I'll show him what the worst bus driver ever is capable of!

üò°",told indirectly i'm worst bus driver ever think anyone else knew remember facesalways next time see piece monkey sht bus stop i'll show worst bus driver ever capable
1.5544208872853668e+18,2022-08-02 10:56:33+00:00,['1554420887285366794'],https://t.co/DGRmXoxRei,
1.5543690692012114e+18,2022-08-02 07:30:39+00:00,['1554369069201211394'],"@christianwolmar They have said in the past that they have so much money they don't know what to do with it.

I can think of a few ideas.",said past much money know think idea
1.554157596910801e+18,2022-08-01 17:30:20+00:00,['1554157596910800896'],The only useful Tory is a LavaTory!,useful tory lavatory
1.554017630603944e+18,2022-08-01 08:14:10+00:00,['1554017630603943936'],"A bit of light reading about the Network Rail deal on offer...
THE TRUTH ABOUT THE NETWORK RAIL (cont) https://t.co/1kzG39WqgZ",bit light reading network rail deal offer truth network rail cont
1.553851049160622e+18,2022-07-31 21:12:13+00:00,['1553851049160622080'],@KevinPascoe I thought that when Blair was in charge. I think it now sometimes. I never thought it under @jeremycorbyn,thought blair charge think sometimes never thought
1.5538422868107756e+18,2022-07-31 20:37:24+00:00,['1553842286810775555'],https://t.co/tsxTqscYrL,
1.552652516327768e+18,2022-07-28 13:49:41+00:00,['1552652516327768066'],@prodnose Brilliant!,brilliant
1.5525912264314798e+18,2022-07-28 09:46:08+00:00,['1552591226431479808'],https://t.co/MvqLwxv5Rl,
1.552572398360318e+18,2022-07-28 08:31:19+00:00,['1552572398360317955'],"Doctor Who star and The Wombles narrator Bernard Cribbins dies aged 93

https://t.co/qIBiCprixv

Sent via @updayUK",doctor star wombles narrator bernard cribbins aged sent via
1.5525604745705925e+18,2022-07-28 07:43:56+00:00,['1552560474570592257'],@japers_1984 @AngelaRayner What utter nonsense.,utter nonsense
1.5525587879653704e+18,2022-07-28 07:37:14+00:00,['1552558787965370368'],https://t.co/T4BJfSoTuE,
1.5525546442405683e+18,2022-07-28 07:20:46+00:00,['1552554644240568320'],"@TracyBrabin Both she &amp; Ritchie Sunak promised the moon on a stick.
We'll see what actually happens. 
(Which won't be much!)",amp ritchie sunak promised moon stick we'll see actually happens much
1.5525542072233574e+18,2022-07-28 07:19:02+00:00,['1552554207223357446'],I think @NadineDorries is pissed again!,think pissed
1.551891484445741e+18,2022-07-26 11:25:37+00:00,['1551891484445741058'],@ScanlanWithAnA @Normanjam671 This man is shaping up to be another Blair. A Tory in @UKLabour clothing.,man shaping another blair tory clothing
1.5516628585591685e+18,2022-07-25 20:17:08+00:00,['1551662858559168513'],@paulasherriff I'm not watching. Just another Tory PM. Nothing will change.,i'm watching another tory nothing change
1.5516624990360207e+18,2022-07-25 20:15:42+00:00,['1551662499036020736'],@nw_nicholas Did you expect anything else??,expect anything else
1.55076134884121e+18,2022-07-23 08:34:51+00:00,['1550761348841209857'],"@GarethJenkins6 @kilsman_14 @AngelaRayner Any Tory in the last 12 years,""Because of the mistakes of the previous Labour govt.....""
Funny how they forget it was their banking friends who actually caused the crash &amp; needed bailing out.....",tory last yearsbecause mistake previous labour govt funny forget banking friend actually caused crash amp needed bailing
1.5501849688857887e+18,2022-07-21 18:24:32+00:00,['1550184968885788674'],https://t.co/lc0QPcWqPn,
1.5488836296354734e+18,2022-07-18 04:13:28+00:00,['1548883629635473409'],"What happens to a piece of paper if the sun is shining on it through the glass? It will burn, (cont) https://t.co/Vj6OwKvn50",happens piece paper sun shining glass burn cont
1.5486726909907763e+18,2022-07-17 14:15:17+00:00,['1548672690990776320'],Wetherby today. https://t.co/mhoEcK8poj,wetherby today
1.546610414196347e+18,2022-07-11 21:40:32+00:00,['1546610414196346882'],@Arch_Revival_ @Rob_Kimbell Great if you can afford them.,great afford
1.546610151406424e+18,2022-07-11 21:39:29+00:00,['1546610151406424064'],@Hudsonweather I know. I'm sat here in my shorts!,know i'm sat short
1.546609852776063e+18,2022-07-11 21:38:18+00:00,['1546609852776062978'],@GBNEWS Definitely on the gin.,definitely gin
1.5466097314810757e+18,2022-07-11 21:37:49+00:00,['1546609731481075717'],@reece_dinsdale @SuellaBraverman The old tory excuse again.,old tory excuse
1.546609377309823e+18,2022-07-11 21:36:24+00:00,['1546609377309822976'],@GBNEWS She been on the gin again?,gin
1.5464708224784876e+18,2022-07-11 12:25:50+00:00,['1546470822478487553'],@MrTimDunn Brilliant!,brilliant
1.5461496451094036e+18,2022-07-10 15:09:36+00:00,['1546149645109403653'],"@GBNEWS Can't I vote for ""none of the above?""",can't vote none
1.5460499107846267e+18,2022-07-10 08:33:17+00:00,['1546049910784626690'],"@idriveaclassic @car_british I had a Chevette as my first car.A black estate nicknamed the ""Hearse"" lol.FCK 698Y.I shall look forward to watching it.",chevette first cara black estate nicknamed hearse lolfck shall look forward watching
1.5457662510242447e+18,2022-07-09 13:46:07+00:00,['1545766251024244737'],@SuzieWo20886208 @ayeaye06742785 I don't think I can unsee this!,think unsee
1.545289832120963e+18,2022-07-08 06:13:00+00:00,['1545289832120963076'],Boris Johnson needs to go (and comb his hair) now!,boris johnson need comb hair
1.5449296848064184e+18,2022-07-07 06:21:54+00:00,['1544929684806418432'],@FlyOnNo10Wall @Beany_1 I shudder to think what Nadine Dorres is getting up to!,shudder think nadine dorres getting
1.5449290060465723e+18,2022-07-07 06:19:13+00:00,['1544929006046572545'],"@BBCBreakfast He hasn't ""got brexit sorted!""",got brexit sorted
1.5447778541305242e+18,2022-07-06 20:18:35+00:00,['1544777854130524161'],Gove- fired!,gove fired
1.5447760834631025e+18,2022-07-06 20:11:33+00:00,['1544776083463102465'],"No mention of Jacob Rees-Mogg on the 9pm @BBCNews .....

Wonder how he feels.

Or is he, like the others quietly plotting.....",mention jacob reesmogg wonder feel like others quietly plotting
1.5447750408220877e+18,2022-07-06 20:07:24+00:00,['1544775040822087682'],I'm just wondering where my local MP @mark4dewsbury stands on Boris right now.....,i'm wondering local stand boris right
1.5447739440242196e+18,2022-07-06 20:03:03+00:00,['1544773944024219649'],@Kernow2019 @Beatric74811356 I voted for him too.,voted
1.5446921392751903e+18,2022-07-06 14:37:59+00:00,['1544692139275190272'],I wonder how many Tory MPs are secretly wishing they'd voted against Boris in the recent no confidence vote and are now silently kicking themselves.,wonder many tory secretly wishing they'd voted boris recent confidence vote silently kicking
1.5446902967216538e+18,2022-07-06 14:30:40+00:00,['1544690296721653762'],https://t.co/jqGzUkj07E,
1.544686719362105e+18,2022-07-06 14:16:27+00:00,['1544686719362105345'],Grant Shapps hasn't resigned because he's too busy watching Thomas the Tank Engine to learn how trains work. üòÖ,grant shapps resigned he's busy watching thomas tank engine learn train work
1.544586119949521e+18,2022-07-06 07:36:42+00:00,['1544586119949520897'],"@PeterStefanovi2 Well, they've got top jobs haven't they? Of course they're going to crawl up Boris' a*se!",well they've got top job course they're going crawl boris' ase
1.5443700536631337e+18,2022-07-05 17:18:08+00:00,['1544370053663133699'],"'You have lost my confidence': Sajid Javid resigns as health secretary in letter to PM

https://t.co/NKqBbzCiEQ

Sent via @updayUK",'you lost confidence' sajid javid resigns health secretary letter sent via
1.5440325311415951e+18,2022-07-04 18:56:56+00:00,['1544032531141595141'],https://t.co/kJcspOg0dh,
1.5438392013089505e+18,2022-07-04 06:08:43+00:00,['1543839201308950531'],@Rob_Kimbell Tune Tunnel??,tune tunnel
1.5432076698044498e+18,2022-07-02 12:19:14+00:00,['1543207669804449792'],"@David__Osland My parents had little spare cash back then.But there was always food on the table,clothes on our backs &amp; a bit of pocket money on a Friday.The word foodbank didn't exist then.",parent little spare cash back thenbut always food tableclothes back amp bit pocket money fridaythe word foodbank exist
1.5429329792190464e+18,2022-07-01 18:07:43+00:00,['1542932979219046403'],@thealso Got to put those Ever Readys somewhere!,got put ever ready somewhere
1.54282218223718e+18,2022-07-01 10:47:27+00:00,['1542822182237179905'],"@AnnoGalactic @UKChange Won't make any difference. The Beeb is biased, no matter who's presenting.",make difference beeb biased matter who's presenting
1.5428219394205614e+18,2022-07-01 10:46:29+00:00,['1542821939420561410'],@BBCLeeds Morecambe &amp; Wise did a send up of Singin' in the rain. Where Ern danced perfectly &amp; Eric got wet! Search YouTube for it!,morecambe amp wise send singin' rain ern danced perfectly amp eric got wet search youtube
1.542417236727632e+18,2022-06-30 07:58:20+00:00,['1542417236727631873'],@stonehurstoil Les Dawson was a comedy legend-much missed.Rusty Lee is still off her rocker today!,dawson comedy legendmuch missedrusty lee still rocker today
1.5424166484387471e+18,2022-06-30 07:56:00+00:00,['1542416648438747138'],@Belinda34106799 @JedKendray My late mother loved that stuff.,late mother loved stuff
1.541527159696769e+18,2022-06-27 21:01:29+00:00,['1541527159696769024'],@IanByrneMP @RMTunion Damn right.,damn right
1.54047727087113e+18,2022-06-24 23:29:36+00:00,['1540477270871130118'],@JohnCleese You were a lot younger then John! üòÅ,lot younger john
1.5404469580615557e+18,2022-06-24 21:29:09+00:00,['1540446958061555719'],@KevinJo49953887 @ba_bostock @RMTunion How very true. They run this country as though it were a business.,true run country though business
1.540396579232039e+18,2022-06-24 18:08:58+00:00,['1540396579232038912'],"""If you put a monkey in a palace, that palace then becomes a circus.""

The best description of Boris Johnson I've heard yet.",put monkey palace palace becomes circus best description boris johnson i've heard yet
1.540091351479591e+18,2022-06-23 21:56:06+00:00,['1540091351479590913'],That woman hasn't a bloody clue!  #bbcqt,woman bloody clue
1.5398541317409423e+18,2022-06-23 06:13:28+00:00,['1539854131740942337'],"Rail workers view on the current strikes‚Ä¶.

Three years ago we accepted a 0% pay rise, two years (cont) https://t.co/ncUPfhzKdB",rail worker view current strike three year ago accepted pay rise two year cont
1.5398525233973412e+18,2022-06-23 06:07:05+00:00,['1539852523397341185'],https://t.co/qxOrPMC043,
1.539504456659882e+18,2022-06-22 07:03:59+00:00,['1539504456659881991'],@PeterStefanovi2 Bloody snowflakes need to grow up.,bloody snowflake need grow
1.5392108353730437e+18,2022-06-21 11:37:14+00:00,['1539210835373043713'],"Getting fed up of the biased coverage by BBC radio of the rail strikes.
Disruption, inconvenience (cont) https://t.co/zB8objY28k",getting fed biased coverage bbc radio rail strike disruption inconvenience cont
1.5391442437756682e+18,2022-06-21 07:12:38+00:00,['1539144243775668224'],"Yet again, totally unbiased coverage of @RMTunion dispute on @BBCr4today All talk of disruption and effects on commuters. No mention of workers fighting for their working lives-again.",yet totally unbiased coverage dispute talk disruption effect commuter mention worker fighting working livesagain
1.5378757702735708e+18,2022-06-17 19:12:10+00:00,['1537875770273570816'],@supertanskiii Simply brilliant!,simply brilliant
1.5369687518449377e+18,2022-06-15 07:08:00+00:00,['1536968751844937728'],@Otto_English Who the heck is Tom Harwood??,heck tom harwood
1.53563186116216e+18,2022-06-11 14:35:41+00:00,['1535631861162160128'],@34020seaton That's why I'm only using my car when I need to!,that's i'm using car need
1.5355224754418074e+18,2022-06-11 07:21:01+00:00,['1535522475441807364'],https://t.co/iEMg7jXsYl,
1.535220985993089e+18,2022-06-10 11:23:00+00:00,['1535220985993089024'],https://t.co/4gOwZ1WYuZ,
1.5337092057602703e+18,2022-06-06 07:15:44+00:00,['1533709205760270338'],"So there will be a vote of no confidence in Boris after all.....

We wait with bated breath.",vote confidence boris wait bated breath
1.5334916476647588e+18,2022-06-05 16:51:14+00:00,['1533491647664758786'],@PeterStefanovi2 How utterly right you are!,utterly right
1.533148063371514e+18,2022-06-04 18:05:57+00:00,['1533148063371513857'],@Mike_Batt Looks lovely. I'll be round in a bit so save some for me!,look lovely i'll round bit save
1.5329886607774597e+18,2022-06-04 07:32:32+00:00,['1532988660777459712'],@David__Osland Michael Eavis would surely sling him in a sileage pit!,michael eavis would surely sling sileage pit
1.5329866162219254e+18,2022-06-04 07:24:25+00:00,['1532986616221925377'],"@PeterStefanovi2 @NadineDorries Fair dos,at least he flattened his hair down for the occasion!",fair dosat least flattened hair occasion
1.532407673446183e+18,2022-06-02 17:03:54+00:00,['1532407673446182917'],"Am I the only person who thinks it's just a bit convenient that Randy Andy has caught covid the day before mummy's big do?

#RoyalFamily #princeandrew",person think bit convenient randy andy caught covid day mummy's big
1.5322679796263813e+18,2022-06-02 07:48:49+00:00,['1532267979626381312'],https://t.co/L1GclYBdXQ,
1.5320548173001523e+18,2022-06-01 17:41:47+00:00,['1532054817300152320'],Seems the Monkeypox has been with us for some time..... https://t.co/rn59EDVSZi,seems monkeypox time
1.5319664177461576e+18,2022-06-01 11:50:31+00:00,['1531966417746157569'],@TimothyTaylors @mikeroebuck53 @eltomas87 @nwoodhouse1961 I'd call my lodge Dorothy's Place after my late mother.,i'd call lodge dorothy's place late mother
1.531965821198672e+18,2022-06-01 11:48:08+00:00,['1531965821198671872'],https://t.co/0hOfzPRHLE,
1.5319393612725658e+18,2022-06-01 10:03:00+00:00,['1531939361272565760'],"@eltomas87 No, they haven't. I'm back tomorrow though ‚òπ",i'm back tomorrow though
1.5319212782815887e+18,2022-06-01 08:51:09+00:00,['1531921278281588736'],"Well,the chickens have finally come home to roost.People's holidays are being cancelled due to (cont) https://t.co/RF12MZeDjA",wellthe chicken finally come home roostpeople's holiday cancelled due cont
1.531557053721985e+18,2022-05-31 08:43:51+00:00,['1531557053721985026'],https://t.co/k3q8v47yKG,
1.5313104833406935e+18,2022-05-30 16:24:04+00:00,['1531310483340693504'],@PeterStefanovi2 NOT MOVING ON!,moving
1.5309756966082355e+18,2022-05-29 18:13:44+00:00,['1530975696608235521'],That's going to get them a lot of sympathy! https://t.co/RoH5awwc2P,that's going get lot sympathy
1.5308679945235784e+18,2022-05-29 11:05:46+00:00,['1530867994523578368'],@martindvz @terrychristian Britain isn't breaking international law. Its  government is. Don't blame the people for its governments' failings.,britain breaking international law government blame people governments' failing
1.5303124109674496e+18,2022-05-27 22:18:05+00:00,['1530312410967449601'],https://t.co/uXGEr8zUCA,
1.5298730566671606e+18,2022-05-26 17:12:15+00:00,['1529873056667160577'],@BBCRadio2 My instructor had me fill the car with petrol (he paid of course!) And we would regularly drop off groceries at his mum's house! Passed 2nd time btw.,instructor fill car petrol paid course would regularly drop grocery mum's house passed time btw
1.529861892688253e+18,2022-05-26 16:27:53+00:00,['1529861892688252929'],https://t.co/MT6DCndt4f,
1.5298251545319383e+18,2022-05-26 14:01:54+00:00,['1529825154531938305'],"Well I booked off work today for only the second time in 24 years.

The previous time was around 14 (cont) https://t.co/A7efM7ngCc",well booked work today second time year previous time around cont
1.529824890139734e+18,2022-05-26 14:00:51+00:00,['1529824890139734016'],"@BBCRadio2 Hi Steve. Please say hi to me to cheer me up as I'm in considerable pain with a bad back &amp; waiting for the doctor to ring! A shout would be a big boost. 
Cheers!!",steve please say cheer i'm considerable pain bad back amp waiting doctor ring shout would big boost cheer
1.5294179510861005e+18,2022-05-25 11:03:49+00:00,['1529417951086100481'],@Mollyjake3 @richardcalhoun YES!!,yes
1.5284221597894656e+18,2022-05-22 17:06:54+00:00,['1528422159789465602'],"I'm not much of a footballist but 

Well Done Leeds Utd!

#LeedsUnited #football",i'm much footballist well done leeds utd
1.5283770914268652e+18,2022-05-22 14:07:49+00:00,['1528377091426865154'],@eltomas87 Oh right! I guess you could try again in the future.,right guess could try future
1.5283743371196047e+18,2022-05-22 13:56:52+00:00,['1528374337119604738'],"@eltomas87 Saw one once featuring one of our old buses in a demolition derby!

Any news on your application yet?",saw one featuring one old bus demolition derby news application yet
1.5283658043786404e+18,2022-05-22 13:22:58+00:00,['1528365804378640384'],"Formula one is really boring!

(I'm in someone else's house so I can't turn it off!)

#SpanishGP  #Formula1 #fallingasleep",formula one really boring i'm someone else's house can't turn
1.5279451269071913e+18,2022-05-21 09:31:20+00:00,['1527945126907191297'],@LozzaFox @thereclaimparty You make a very good point sir. We'll have people identifying as vegetables or fruit before long. I give up!,make good point sir we'll people identifying vegetable fruit long give
1.5279159481156444e+18,2022-05-21 07:35:23+00:00,['1527915948115644416'],@DrNeenaJha @Hardeep216 You need to tell my guv'nor this!,need tell guv'nor
1.527915750912057e+18,2022-05-21 07:34:36+00:00,['1527915750912057346'],@paulwaugh @Hardeep216 @BorisJohnson Could have told them that before the election. You couldn't pay me to vote tory.,could told election pay vote tory
1.5276651680202752e+18,2022-05-20 14:58:53+00:00,['1527665168020275201'],https://t.co/x1kRazKbML,
1.5269321955538125e+18,2022-05-18 14:26:19+00:00,['1526932195553812483'],"Oh dear.....

It seems Facebook has crashed.

How will I survive!",dear seems facebook crashed survive
1.526849156148392e+18,2022-05-18 08:56:20+00:00,['1526849156148391937'],@MarcJF241 @JedKendray Proper bus!,proper bus
1.526762359401984e+18,2022-05-18 03:11:27+00:00,['1526762359401984002'],@Rob_Kimbell Would anyone listen if it was?,would anyone listen
1.5265024871292027e+18,2022-05-17 09:58:48+00:00,['1526502487129202688'],@BarristerSecret I will be ordering a copy very soon.,ordering copy soon
1.5251289546963272e+18,2022-05-13 15:00:52+00:00,['1525128954696327169'],@PeterStefanovi2 Lying through his teeth.,lying teeth
1.524011688923648e+18,2022-05-10 13:01:16+00:00,['1524011688923648000'],Sod it. I'm having a lie down! https://t.co/0FSP1z3f5f,sod i'm lie
1.523632834753479e+18,2022-05-09 11:55:50+00:00,['1523632834753478657'],https://t.co/DB5SqJzJeC,
1.523632821893763e+18,2022-05-09 11:55:47+00:00,['1523632821893763074'],"A couple of pics of @Southern_Vectis buses in Yarmouth bus stn today. 
What struck me was how smart the buses are,inside &amp; out. Other companies could take a leaf out of their book. https://t.co/8iAu5Gu72j",couple pic bus yarmouth bus stn today struck smart bus areinside amp company could take leaf book
1.5235736084001587e+18,2022-05-09 08:00:29+00:00,['1523573608400158721'],https://t.co/USJfrrCDdN,
1.523181714289619e+18,2022-05-08 06:03:14+00:00,['1523181714289618944'],@tomhfh Are we not making a mountain out of a molehill? @BBCr4today making it top of news again.,making mountain molehill making top news
1.5230206488213217e+18,2022-05-07 19:23:13+00:00,['1523020648821321729'],@sdwhiteley That's a Dewsbury reg. I wonder where that pic was taken.....,that's dewsbury reg wonder pic taken
1.522487590921855e+18,2022-05-06 08:05:02+00:00,['1522487590921854976'],@JeremyVineOn5 No bias there Jezza eh? Think you need to open your eyes a bit matey.,bias jezza think need open eye bit matey
1.5224872082923643e+18,2022-05-06 08:03:31+00:00,['1522487208292364293'],"Seen on a local estate and sporting a local reg, was this rather nice Moggie. https://t.co/ADfXPjpdi4",seen local estate sporting local reg rather nice moggie
1.5224718361388524e+18,2022-05-06 07:02:26+00:00,['1522471836138852352'],"One can only ponder what @UKLabour might have achieved if @Jeremycorbyn was still party leader. 
 #whatmighthavebeen",one ponder might achieved still party leader
1.5224676731453317e+18,2022-05-06 06:45:54+00:00,['1522467673145331712'],"So....
The Tories have had a right a*se kicking in the local elections. 
Labour have done well but could have done better.
They need to fear the challenge from the LibDems &amp; the Greens. (And also the independents)
#LocalElections22 #labourparty",tory right ase kicking local election labour done well could done better need fear challenge libdems amp green also independent
1.522129254728835e+18,2022-05-05 08:21:08+00:00,['1522129254728835075'],"Exercise your right to vote.

But for the country's sake don't vote Tory.
#VoteLabour #VoteToryCouncilsOut #vote https://t.co/UnxspOT6YR",exercise right vote country's sake vote tory
1.5218758966422938e+18,2022-05-04 15:34:23+00:00,['1521875896642293760'],@WritesBright @BylineTimes He's not a great leader let alone a great war leader!,he's great leader let alone great war leader
1.521201552593195e+18,2022-05-02 18:54:47+00:00,['1521201552593195008'],"These companies advertise 24/7 plumbing services.I rang them as I had a leak in my bathroom.I rang the left one-2hrs later was told plumber was ""sick."" So I rang the https://t.co/4jiCiBjmZu is now 1952hrs and several calls later-no https://t.co/NsLdgE6q5C not use them! https://t.co/JGwCSaNv2M",company advertise plumbing servicesi rang leak bathroomi rang left onehrs later told plumber sick rang several call laterno use
1.5211333205826724e+18,2022-05-02 14:23:39+00:00,['1521133320582672386'],@uk_domain_names Well what do you expect from a scatterbrain like her? She barely knows which end of the pen to hold!,well expect scatterbrain like barely know end pen hold
1.5210827793705042e+18,2022-05-02 11:02:49+00:00,['1521082779370504192'],"@tulyardave Sadly,that seems typical of that railway.Use something until it breaks then dump it.",sadlythat seems typical railwayuse something break dump
1.5210814769048945e+18,2022-05-02 10:57:39+00:00,['1521081476904894470'],@tulyardave I was part of the team who helped to save this unit.Some of us even put our own money into https://t.co/fomLT0m2uL say we are angry to see the unit like this is an understatement.,part team helped save unitsome even put money say angry see unit like understatement
1.5210604893080863e+18,2022-05-02 09:34:15+00:00,['1521060489308086273'],"2/ two hours later no callback so I ring them again to be told the plumber (only one?) has rung in sick on a bank holiday so I'd have to ring someone else. Which I did.
Thanks a bunch @DrainDoctorLtd ,you have let me down badly. I will never use your services in future.",two hour later callback ring told plumber one rung sick bank holiday i'd ring someone else thanks bunch let badly never use service future
1.521060487928103e+18,2022-05-02 09:34:14+00:00,['1521060487928102912'],"Woke up to sound of rushing water today,thinking my neighbour was having a shower.Oh no,turned out a tap in my bathroom had failed &amp; water was gushing out.Result one flooded bathroom &amp; a call to a plumber ( @DrainDoctorLtd ) who said a plumber would be in touch.
1/",woke sound rushing water todaythinking neighbour showeroh noturned tap bathroom failed amp water gushing outresult one flooded bathroom amp call plumber said plumber would touch
1.520843898456838e+18,2022-05-01 19:13:35+00:00,['1520843898456838145'],Fine selection of Bradford buses at Sandtoft today for the 50th anniversary of the end of trolleybuses in the city. https://t.co/GQGNs2OHXs,fine selection bradford bus sandtoft today anniversary end trolleybus city
1.5208132076481905e+18,2022-05-01 17:11:38+00:00,['1520813207648190464'],@AngelaRayner If it's in the Daily Mail then it must be true.....,daily mail must true
1.5196640359853425e+18,2022-04-28 13:05:14+00:00,['1519664035985342464'],"@LeedsCivicTrust @LeedsCC_News @LeedsMarkets @Jonathan_Pryor @RememberOluwale Just heard on @BBCLeeds that this plaque has been vandalised,just a day after being erected. People can be utterly vile.",heard plaque vandalisedjust day erected people utterly vile
1.5196425585608786e+18,2022-04-28 11:39:54+00:00,['1519642558560878595'],@BBCRadio2 This couldn't just be a rouse to deflect attention from Angela Raynors' legs could it?,rouse deflect attention angela raynors' leg could
1.5195781184822354e+18,2022-04-28 07:23:50+00:00,['1519578118482235393'],"@PeterStefanovi2 Well, I've not been unfollowed thank goodness.Nothing to do with a recent announcement re Mr Musks' takeover I'm sure.....",well i've unfollowed thank goodnessnothing recent announcement musks' takeover i'm sure
1.5192314482381537e+18,2022-04-27 08:26:17+00:00,['1519231448238153735'],@BBCLeeds Didn't think it would cause such a debate. But they're still buns NOT cupcakes! (We are not Americans!) üòâ,think would cause debate they're still bun cupcake american
1.5192283460764754e+18,2022-04-27 08:13:58+00:00,['1519228346076475392'],@BBCLeeds They are BUNS not cupcakes!,bun cupcake
1.519215594733777e+18,2022-04-27 07:23:18+00:00,['1519215594733776896'],"@JanekLasocki @BarristerSecret Seems like the usual ""throw money at it"" response.",seems like usual throw money response
1.518916490560516e+18,2022-04-26 11:34:46+00:00,['1518916490560516097'],@BBCRadio2 Elon Musk obviously sees something we all don't which is why he's bought Twitter for such an exorbitant sum!,elon musk obviously see something he's bought twitter exorbitant sum
1.51890505512201e+18,2022-04-26 10:49:19+00:00,['1518905055122010113'],@IanDunt You couldn't make it up!,make
1.5181710320912548e+18,2022-04-24 10:12:34+00:00,['1518171032091254784'],@BorisJohnson @AngelaRayner You gonna get your whips to reprimand those concerned?,gonna get whip reprimand concerned
1.5181677861823898e+18,2022-04-24 09:59:41+00:00,['1518167786182389760'],"@AngelaRayner @MoS_Politics @AngelaRayner I think you are amazing, tough and totally fearless.I bet Boris quakes in his boots when you take https://t.co/jM0pBsrAB2 me,you always look smart &amp; professional.Don't let the misogynists get to you.Keep up the good work.",think amazing tough totally fearlessi bet boris quake boot take meyou always look smart amp professionaldon't let misogynist get youkeep good work
1.518165995399041e+18,2022-04-24 09:52:34+00:00,['1518165995399041025'],@virgosam70 @ollyo9 Are we surprised? Are we heck!,surprised heck
1.5181658154298982e+18,2022-04-24 09:51:51+00:00,['1518165815429898240'],@JamesMelville Not in a million bloody years!,million bloody year
1.5181603665676657e+18,2022-04-24 09:30:12+00:00,['1518160366567665664'],@addict_car Indeed. First one I've seen in years.,indeed first one i've seen year
1.5181374204951388e+18,2022-04-24 07:59:01+00:00,['1518137420495138817'],@addict_car I saw this rather nice series 2 model last week. If you listen carefully you'll hear the tappets from here! https://t.co/UCYzxSOvhF,saw rather nice series model last week listen carefully hear tappet
1.5175392135369073e+18,2022-04-22 16:21:57+00:00,['1517539213536907264'],@TweetForTheMany But he's anti semitic isn't he??,he's anti semitic
1.5174007955739402e+18,2022-04-22 07:11:56+00:00,['1517400795573940224'],"@PeterStefanovi2 I think we all know the answer to this question. Boris has no honour which is why he &amp; his cabinet (most notably Priti Patel) are still in office. 
If they were honourable people, they would do the decent thing.",think know answer question boris honour amp cabinet notably priti patel still office honourable people would decent thing
1.5171493954724454e+18,2022-04-21 14:32:57+00:00,['1517149395472445445'],@TweetForTheMany @Keir_Starmer Have I missed something here? Did @Keir_Starmer give @Jeremycorbyn the whip back??,missed something give whip back
1.5170918420300268e+18,2022-04-21 10:44:16+00:00,['1517091842030026752'],@mattymidland @JedKendray Made me chuckle!,made chuckle
1.5170713419371151e+18,2022-04-21 09:22:48+00:00,['1517071341937115137'],"I reckon the knives are being sharpened and the vultures are circling.

#BorisJohnsonResign #BorisTheLiar #BorisJohnsonOut",reckon knife sharpened vulture circling
1.517051996091687e+18,2022-04-21 08:05:55+00:00,['1517051996091686912'],@JedKendray Utterly filthy! Thanks.,utterly filthy thanks
1.517043532439212e+18,2022-04-21 07:32:18+00:00,['1517043532439212032'],"@David39133380 The thing that has tipped me over the edge was my mother's passing in February. Still raw &amp; recent. 
But thank you for your comments, it helps to know people care.",thing tipped edge mother's passing february still raw amp recent thank comment help know people care
1.517035937146065e+18,2022-04-21 07:02:07+00:00,['1517035937146064898'],"@ThatTimWalker In other words,""Go away you spotty little oik!""",wordsgo away spotty little oik
1.5170351485035684e+18,2022-04-21 06:58:59+00:00,['1517035148503568384'],"Got up around 6, went downstairs &amp; made a coffee. Been laid on the couch since. No motivation at all. Need to shake it off but can't.
#depressed",got around went downstairs amp made coffee laid couch since motivation need shake can't
1.5167870856042783e+18,2022-04-20 14:33:16+00:00,['1516787085604278272'],@TomLondon6 Too biased.,biased
1.5167862471796736e+18,2022-04-20 14:29:56+00:00,['1516786247179673600'],https://t.co/gNZZrJV5eW,
1.5159713794677965e+18,2022-04-18 08:31:56+00:00,['1515971379467796481'],I know it's a day late but I've lit the Easter candle in memory of mum. https://t.co/3U6vtbcGGX,know day late i've lit easter candle memory mum
1.515697881684099e+18,2022-04-17 14:25:09+00:00,['1515697881684099077'],"For the Nasher bashers, a smart Leyland National! https://t.co/dxC3cP0XaA",nasher bashers smart leyland national
1.515679407993766e+18,2022-04-17 13:11:45+00:00,['1515679407993765890'],Former Stagecoach Volvo B10M seen after arrival at Kirkby Stephen Station. https://t.co/zyRnmnSaJb,former stagecoach volvo seen arrival kirkby stephen station
1.5156678294916465e+18,2022-04-17 12:25:44+00:00,['1515667829491646465'],Two generations of Leyland Titans seen here at Kirkby Stephen Station today. https://t.co/60BnE1aLTP,two generation leyland titan seen kirkby stephen station today
1.51566573283883e+18,2022-04-17 12:17:25+00:00,['1515665732838830082'],Blackpool Atlantean &amp; a RML Routemaster seen at Brough today. https://t.co/NgxaPq3YIP,blackpool atlantean amp rml routemaster seen brough today
1.5156260933482783e+18,2022-04-17 09:39:54+00:00,['1515626093348278275'],"Happy Easter Everyone!

üêáü•ö",happy easter everyone
1.5154063334236365e+18,2022-04-16 19:06:39+00:00,['1515406333423636481'],@eltomas87 Join the Dewsbury bus museum lot. A guy there has a Mk2. I've driven it a couple of times.,join dewsbury bus museum lot guy i've driven couple time
1.515394621198807e+18,2022-04-16 18:20:07+00:00,['1515394621198807048'],"@eltomas87 You're on! Saw your dad in the bus stn yesterday. When you've passed your PSV test, you might get a go in something vintage. That will open your eyes lol.",saw dad bus stn yesterday passed psv test might get something vintage open eye lol
1.5153911550134026e+18,2022-04-16 18:06:20+00:00,['1515391155013402629'],@eltomas87 Kirkby Stephen. First time it's been on for a couple of years thanks to covid. Usually a good day. I'll post some pics.,kirkby stephen first time couple year thanks covid usually good day i'll post pic
1.5153879180172493e+18,2022-04-16 17:53:28+00:00,['1515387918017249280'],@eltomas87 Right. I've swapped a rest day so I  can attend a bus rally tomorrow.,right i've swapped rest day attend bus rally tomorrow
1.515383533530927e+18,2022-04-16 17:36:03+00:00,['1515383533530927110'],@eltomas87 On Easter Sunday? Thought you had to close then?,easter sunday thought close
1.5153817264822436e+18,2022-04-16 17:28:52+00:00,['1515381726482243590'],@eltomas87 So why didn't you?,
1.5145798387193856e+18,2022-04-14 12:22:27+00:00,['1514579838719385600'],https://t.co/07XYRgZD5f,
1.5145789266806538e+18,2022-04-14 12:18:50+00:00,['1514578926680653827'],"@matthud59 Priti Patel is doing this purely to keep the blue votes. (""They're not coming here!"") I hate that woman and her sneering arrogance!",priti patel purely keep blue vote they're coming hate woman sneering arrogance
1.514440093620183e+18,2022-04-14 03:07:09+00:00,['1514440093620183047'],@pritipatel @BorisJohnson Other countries eg Poland are taking refugees without question. Why aren't we? You soulless woman.,country poland taking refugee without question soulless woman
1.514240961823617e+18,2022-04-13 13:55:53+00:00,['1514240961823617028'],https://t.co/zT4WMeCgS2,
1.5139661310563615e+18,2022-04-12 19:43:48+00:00,['1513966131056361474'],@BBCRadio2 Heyyyy Edith!! Just listening in cos I can't find anything decent on the telly! Keep up the good work luv.,heyyyy edith listening can't find anything decent telly keep good work luv
1.5138494963917947e+18,2022-04-12 12:00:20+00:00,['1513849496391794696'],@BBCRadio2 It took me TWO HOURS to get through to a hospital before Xmas to enquire about my sick mother who has since passed away. That was typical.,took two hour get hospital xmas enquire sick mother since passed away typical
1.5138032485992817e+18,2022-04-12 08:56:34+00:00,['1513803248599281666'],@MrTimDunn My favourite bit of railway line. Only Blue Anchor to Minehead on the West Somerset Railway comes close in my opinion.,favourite bit railway line blue anchor minehead west somerset railway come close opinion
1.51380215207816e+18,2022-04-12 08:52:12+00:00,['1513802152078159873'],"@mikegalsworthy Wasn't he the guy who argued against a law making ""upskirting"" illegal?",guy argued law making upskirting illegal
1.5138014698411008e+18,2022-04-12 08:49:30+00:00,['1513801469841100808'],"@JamesMelville If they did bring one in, no one would listen. For the very reasons you've just said.
As usual,one rule for them-another for us.",bring one one would listen reason said usualone rule themanother
1.5138006697440543e+18,2022-04-12 08:46:19+00:00,['1513800669744054272'],@LemmyIsGod4 @PhilMyers53 @johnredwood They'll probably call Bob the Builder!,they'll probably call bob builder
1.5137997697512366e+18,2022-04-12 08:42:44+00:00,['1513799769751236608'],@MarinaPurkiss @terrychristian Jobs for the girls.....,job girl
1.513794342674174e+18,2022-04-12 08:21:10+00:00,['1513794342674173955'],@MahboobDad Trying my best buddy. Thanks &amp; take care yourself.,trying best buddy thanks amp take care
1.5137719147114783e+18,2022-04-12 06:52:03+00:00,['1513771914711478273'],"Well,the early night didn't work.
 I slept OK but still feel tired this morning. 
It remains to be seen if the day gets better.
I'm trying to think positive, trying to look ahead but it's tough.
Hope you all have a good day.",wellthe early night work slept still feel tired morning remains seen day get better i'm trying think positive trying look ahead tough hope good day
1.5136228683572593e+18,2022-04-11 20:59:48+00:00,['1513622868357259271'],"Have an early night. Try to relax. Clear your mind and things will be better in the morning. 

That's the theory.

Let's see if it works.

Goodnight everyone.",early night try relax clear mind thing better morning that's theory let's see work goodnight everyone
1.5128798888768512e+18,2022-04-09 19:47:28+00:00,['1512879888876851201'],@mudjokivis @ThatTimWalker Even Profumo had honour.,even profumo honour
1.5128796139948073e+18,2022-04-09 19:46:22+00:00,['1512879613994807306'],@JamesEFoster I wonder what this guy would have said about Micheal Foot!,wonder guy would said micheal foot
1.512350862160634e+18,2022-04-08 08:45:18+00:00,['1512350862160633858'],@LBCNews I'm a Labour voter but I don't hate rich people. What the heck is this guy on about!?,i'm labour voter hate rich people heck guy
1.5123491576541512e+18,2022-04-08 08:38:31+00:00,['1512349157654151169'],"@WarmongerHodges Rachel Riley should stick to countdown. As for Pickles, his performance at the @grenfellinquiry should mean no one would go near him. As for the others,who are they exactly?",rachel riley stick countdown pickle performance mean one would near otherswho exactly
1.512348428713529e+18,2022-04-08 08:35:38+00:00,['1512348428713529345'],"I see Extinction Rebellion are up to their old tricks again.....

#towerbridge",see extinction rebellion old trick
1.5123332033396326e+18,2022-04-08 07:35:08+00:00,['1512333203339632642'],@addict_car The sort of car you don't drive but are driven in.,sort car drive driven
1.5123325206328156e+18,2022-04-08 07:32:25+00:00,['1512332520632815617'],@David39133380 Decency &amp; the Tory party are alien to one another.,decency amp tory party alien one another
1.5119688395249254e+18,2022-04-07 07:27:17+00:00,['1511968839524925442'],Fun to hear the tories crawling up Rishi Sunaks' backside on @BBCr4today Would we expect anything else?,fun hear tory crawling rishi sunaks' backside would expect anything else
1.5119636409325814e+18,2022-04-07 07:06:37+00:00,['1511963640932581376'],"@seventiesuk @JedKendray I certainly do.His familiar cry of ""Prawns,cockles,mussels,whelks,prawn cocktail?"" interrupted many a bingo game in my local WMC!",certainly dohis familiar cry prawnscocklesmusselswhelksprawn cocktail interrupted many bingo game local wmc
1.5119624479844352e+18,2022-04-07 07:01:53+00:00,['1511962447984435204'],@PeterStefanovi2 @KayBurley You didn't seriously expect him to answer her did you!?,seriously expect answer
1.511705925891068e+18,2022-04-06 14:02:33+00:00,['1511705925891067914'],"I'm just wondering if a certain Australian media mogul has been having secret discussions with a certain scruffy haired Prime minister.
 
Or am I just cynical? 

""Channel 4,here on Sky!""",i'm wondering certain australian medium mogul secret discussion certain scruffy haired prime minister cynical channel sky
1.511241630954799e+18,2022-04-05 07:17:36+00:00,['1511241630954799104'],https://t.co/Iqy65MFigg,
1.510875949969072e+18,2022-04-04 07:04:31+00:00,['1510875949969072131'],I'll be boycotting them from now on. I didn't know they were tory donors! https://t.co/351CM5hgwa,i'll boycotting know tory donor
1.5108746639200174e+18,2022-04-04 06:59:25+00:00,['1510874663920017410'],Atlantean 1365 seen at Prescot Station at yesterday's NWVRT running day. https://t.co/F9A1masI6K,atlantean seen prescot station yesterday's nwvrt running day
1.5107098258183127e+18,2022-04-03 20:04:24+00:00,['1510709825818312709'],@eltomas87 It was ok yes.,yes
1.5107074092489974e+18,2022-04-03 19:54:48+00:00,['1510707409248997376'],Rode this lovely AEC Swift today. Rather muted for my taste but a very nice ride. https://t.co/Yuphb8oxom,rode lovely aec swift today rather muted taste nice ride
1.5107070708526408e+18,2022-04-03 19:53:27+00:00,['1510707070852640781'],@supertanskiii There's some fiery opinions behind that very pretty face.,there's fiery opinion behind pretty face
1.5105763958980485e+18,2022-04-03 11:14:12+00:00,['1510576395898048516'],Lovely ride on this beautiful old Leyland! https://t.co/PZJbKqFhuk,lovely ride beautiful old leyland
1.5103379627053957e+18,2022-04-02 19:26:45+00:00,['1510337962705395726'],"Sometimes, I get a hangover before I've stopped drinking!

Where's my bloody takeaway!?",sometimes get hangover i've stopped drinking where's bloody takeaway
1.510163051231826e+18,2022-04-02 07:51:43+00:00,['1510163051231825923'],@Eddystone506 Maybe not. But they are good at interrupting and talking over people.,maybe good interrupting talking people
1.5098316445633577e+18,2022-04-01 09:54:50+00:00,['1509831644563357730'],"@JamesMelville If this isn't an April fool (!) I suggest you should lie down in a darkened room for a while.

Where some men in white coats will soon come and take you away.....",april fool suggest lie darkened room men white coat soon come take away
1.5098311260551086e+18,2022-04-01 09:52:46+00:00,['1509831126055108624'],@supertanskiii I think most people are. Sad thing is the joke is on us.,think people sad thing joke
1.5090948791456932e+18,2022-03-30 09:07:11+00:00,['1509094879145693185'],"Facebook is woke.

Official.",facebook woke official
1.50842478245444e+18,2022-03-28 12:44:27+00:00,['1508424782454439939'],@Femi_Sorry That will surely kill it. Maybe that's what BBC want...,surely kill maybe that's bbc want
1.508354225541161e+18,2022-03-28 08:04:05+00:00,['1508354225541160960'],This makes for an interesting read. Now we know how out of touch upper class Tories really are. https://t.co/dSXC4srSxp,make interesting read know touch upper class tory really
1.5083527778603622e+18,2022-03-28 07:58:20+00:00,['1508352777860362242'],@domjoly Cos somebody got slapped at the oscars!,somebody got slapped oscar
1.5083447483140915e+18,2022-03-28 07:26:26+00:00,['1508344748314091520'],"Is Will Smith's career fading?

Is Chris Rock's?

Could this be a publicity stunt?

I don't really care.",smith's career fading chris rock's could publicity stunt really care
1.508343281461207e+18,2022-03-28 07:20:36+00:00,['1508343281461207045'],@reece_dinsdale The what??,
1.508343223646929e+18,2022-03-28 07:20:22+00:00,['1508343223646928896'],@LozzaFox Don Rickles would have taken him apart.,rickles would taken apart
1.5081785892876534e+18,2022-03-27 20:26:10+00:00,['1508178589287653381'],A photo to calm your nerves..... https://t.co/rqXcr64DkC,photo calm nerve
1.5074112316650537e+18,2022-03-25 17:36:58+00:00,['1507411231665053698'],"@Mandoline_Blue I bet the arabs laughed him out of their country when they saw the state of him. Scruffy suit,hair a mess. On first impressions what would you think?",bet arab laughed country saw state scruffy suithair mess first impression would think
1.5068915156411845e+18,2022-03-24 07:11:48+00:00,['1506891515641184258'],@jaguarman12 @JedKendray Saw you pottering along! Not the best shot but it was dark. https://t.co/3zOeaZwFns,saw pottering along best shot dark
1.5047279790956462e+18,2022-03-18 07:54:41+00:00,['1504727979095646251'],@johnredwood @Rob_Kimbell Brexit-the gift that keeps on taking. (Now it's the food from our mouths!),brexitthe gift keep taking food mouth
1.5047152644574208e+18,2022-03-18 07:04:09+00:00,['1504715264457420802'],@martintfs @BFAWUOfficial Spread the word far &amp; wide.,spread word far amp wide
1.5045528714461676e+18,2022-03-17 20:18:52+00:00,['1504552871446167556'],"My heart goes out to all the P+O workers who have lost their jobs today.I really feel for you.Our Labour laws in this country are pathetic,the Tories have yet again allowed loyal workers to be sold down the river.I wish you all good luck in the future.",heart worker lost job todayi really feel youour labour law country patheticthe tory yet allowed loyal worker sold riveri wish good luck future
1.5041071796950303e+18,2022-03-16 14:47:51+00:00,['1504107179695030280'],@teddybusz Great job guys.,great job guy
1.503801474945532e+18,2022-03-15 18:33:05+00:00,['1503801474945531907'],"@eltomas87 There maybe one or two. But seriously, be careful if you're on an early shift the day after.",maybe one two seriously careful early shift day
1.503769664031236e+18,2022-03-15 16:26:41+00:00,['1503769664031236103'],@eltomas87 Should have told them you were teetotal! Good luck.,told teetotal good luck
1.5037392771585352e+18,2022-03-15 14:25:56+00:00,['1503739277158535178'],"@eltomas87 Excellent job, well done! If you pass your medical etc it should be no problem. Welcome to the asylum! ü§Ø",excellent job well done pas medical etc problem welcome asylum
1.5037032187689902e+18,2022-03-15 12:02:39+00:00,['1503703218768990220'],@eltomas87 How did you get on with your assessment?,get assessment
1.5036830559150817e+18,2022-03-15 10:42:32+00:00,['1503683055915081733'],Check out Yahoo News's video! #TikTok https://t.co/ydI6FTkkrO,check yahoo news's video
1.5034314959769887e+18,2022-03-14 18:02:55+00:00,['1503431495976988680'],@teddybusz Drive safe &amp; stay safe. This is a very noble &amp; brave thing you are doing. Give my regards to Adam Smith! Home safe all.,drive safe amp stay safe noble amp brave thing give regard adam smith home safe
1.5034197535196242e+18,2022-03-14 17:16:16+00:00,['1503419753519624200'],Check out HistoryTikTok's video! #TikTok https://t.co/TjOJjFgN6e,check historytiktok's video
1.5030805701837332e+18,2022-03-13 18:48:28+00:00,['1503080570183733265'],"@eltomas87 Well, I hope all goes well and I'll keep my eyes peeled for you. Which depot you aiming for?",well hope well i'll keep eye peeled depot aiming
1.5029790152037745e+18,2022-03-13 12:04:55+00:00,['1502979015203774464'],"@eltomas87 You're still going for it then? Good luck, be steady &amp; above all listen to the instructor!",still going good luck steady amp listen instructor
1.5029677042564588e+18,2022-03-13 11:19:59+00:00,['1502967704256458753'],@eltomas87 I won't tell if you don't! üòâ,tell
1.502959327379968e+18,2022-03-13 10:46:41+00:00,['1502959327379968000'],"When I was young, we used to sniff petrol to get high.

Now we sniff cocaine as it's cheaper!

#justjoking
#notadruguser",young used sniff petrol get high sniff cocaine cheaper
1.502942874656252e+18,2022-03-13 09:41:19+00:00,['1502942874656251905'],"@MrTimDunn @BFI Class 405 units, class 73 &amp; 74 electro-diesels, blue &amp; blue/grey stock. Southern Region heaven!",class unit class amp electrodiesels blue amp bluegrey stock southern region heaven
1.5026788448174326e+18,2022-03-12 16:12:09+00:00,['1502678844817432579'],Having a pint &amp; watching the rugby!,pint amp watching rugby
1.5026675629366843e+18,2022-03-12 15:27:19+00:00,['1502667562936684551'],@Filrd I've often wondered how long it will take for the Premier league bubble to burst.,i've often wondered long take premier league bubble burst
1.5026539039130337e+18,2022-03-12 14:33:03+00:00,['1502653903913033730'],@34020seaton @ossettbrewery We're going out for the rugby later so I've no doubt we will. Take care mate.,we're going rugby later i've doubt take care mate
1.502651361950933e+18,2022-03-12 14:22:57+00:00,['1502651361950932992'],@HubNutVids Sorry to hear your sad news. My deepest condolences mate.,sorry hear sad news deepest condolence mate
1.502651085592445e+18,2022-03-12 14:21:51+00:00,['1502651085592444929'],"@34020seaton @ossettbrewery My brother's house lol. Wokingham, just down the road.",brother's house lol wokingham road
1.5026445155046277e+18,2022-03-12 13:55:44+00:00,['1502644515504627713'],Drinking @ossettbrewery Yorkshire Blonde in the heart of Berkshire! https://t.co/m5bu6JgyCw,drinking yorkshire blonde heart berkshire
1.502602214103257e+18,2022-03-12 11:07:39+00:00,['1502602214103257094'],"Back in Facebook jail again. 

Guess I'll just have to annoy people on here instead!
üñï",back facebook jail guess i'll annoy people instead
1.5023281334119055e+18,2022-03-11 16:58:33+00:00,['1502328133411905541'],https://t.co/ZNJkR9g0Kx,
1.501647303505068e+18,2022-03-09 19:53:11+00:00,['1501647303505068041'],@mi6rogue Airhead?,airhead
1.501560012426068e+18,2022-03-09 14:06:19+00:00,['1501560012426067970'],https://t.co/2QHANlfxlP,
1.50156000462891e+18,2022-03-09 14:06:17+00:00,['1501560004628910088'],https://t.co/5rEf18Gd8C,
1.500937942986068e+18,2022-03-07 20:54:26+00:00,['1500937942986067968'],"Found on Facebook. No idea where.
We are so ripped off in this country. https://t.co/R9mIkZqRql",found facebook idea ripped country
1.5008723821684165e+18,2022-03-07 16:33:55+00:00,['1500872382168416257'],@LatestAnonPress This is brilliant. A bunch of ordinary guys taking on the might of Russia. They and the rest of the world will prevail.,brilliant bunch ordinary guy taking might russia rest world prevail
1.5006295900956344e+18,2022-03-07 00:29:09+00:00,['1500629590095634434'],"@eltomas87 Good luck with that.I rang for a sicknote other day,was told to go online or I could have an appointment a wk on Tuesday at 0900.That was a wk ago.",good luck thati rang sicknote daywas told online could appointment tuesday ago
1.5006282342617334e+18,2022-03-07 00:23:46+00:00,['1500628234261733379'],@acgrayling Typical. The British government is sitting on its hands &amp; hoping the problem will go away. I've got news for them-it won't.,typical british government sitting hand amp hoping problem away i've got news themit
1.5002352054619095e+18,2022-03-05 22:22:00+00:00,['1500235205461909508'],"@BBCRadio2 Hi Craig, Please say hi to me, I tried last week &amp; you ignored me! All the best mate!",craig please say tried last week amp ignored best mate
1.4998970424493425e+18,2022-03-04 23:58:16+00:00,['1499897042449342466'],@DaveDixon4 @blunted_james @K4rmaRules @afneil No. I guess he was asleep that day.,guess asleep day
1.4998945984869622e+18,2022-03-04 23:48:33+00:00,['1499894598486962176'],"@BlacktopMagazin @thecarfactoids @neilmbriscoe @t2stu @DarraghMcKenna @TopOfTheTower @StvCr Not sure I agree with that,the Stratos was surely another level entirely.The X1/9 was much more humble.But of course,there could have been a range of them.",sure agree thatthe stratos surely another level entirelythe much humblebut coursethere could range
1.4998594659522437e+18,2022-03-04 21:28:57+00:00,['1499859465952243714'],"@thecarfactoids @neilmbriscoe @t2stu @DarraghMcKenna @TopOfTheTower @StvCr Such a shame FIAT never developed this car fully. A big twin-cam, fuel injected engine and uprated suspension would have made it a serious contender.",shame fiat never developed car fully big twincam fuel injected engine uprated suspension would made serious contender
1.4994307398379233e+18,2022-03-03 17:05:21+00:00,['1499430739837923339'],"Could we be witnessing the start of another cold war?

#StopWar #RussianUkrainianWar",could witnessing start another cold war
1.4993417806927012e+18,2022-03-03 11:11:51+00:00,['1499341780692701191'],"@BBCLeeds Kylie,Jason et al should all return for a reunion.Just as a gas main explodes! Good riddance Neighbours!! (But make sure Daphne can't come, I always fancied her!)",kyliejason return reunionjust gas main explodes good riddance neighbour make sure daphne can't come always fancied
1.499154961216774e+18,2022-03-02 22:49:30+00:00,['1499154961216774148'],@maybezabe @supertanskiii A lifetime of whisky &amp; venison there.,lifetime whisky amp venison
1.4991075933311345e+18,2022-03-02 19:41:16+00:00,['1499107593331134472'],"@PeterStefanovi2 @campbellclaret Don't be silly.
 They'll all be too busy quaking in their boots &amp; hoping they don't get caught in the ""oligarchy-gate"" of the future.
They'll be right behind Boris-carefully hiding.",silly they'll busy quaking boot amp hoping get caught oligarchygate future they'll right behind boriscarefully hiding
1.499106350323884e+18,2022-03-02 19:36:20+00:00,['1499106350323884038'],"@terrychristian They might be seizing their own assets that's why. A lot of tories (jrm, Boris et al) are well in the oligarchs' pockets. I bet their backsides are twitching.....",might seizing asset that's lot tory jrm boris well oligarchs' pocket bet backside twitching
1.4986293552867697e+18,2022-03-01 12:00:56+00:00,['1498629355286769666'],@mrjamesob Our sanctions are poorer because of all the Russian money swilling around in London.Oligarchs own lots of empty properties in exclusive areas of the capital.Boris etc al are in these people's pockets &amp; worried about their own interests first.,sanction poorer russian money swilling around londonoligarchs lot empty property exclusive area capitalboris etc people's pocket amp worried interest first
1.4985832288815063e+18,2022-03-01 08:57:38+00:00,['1498583228881506305'],"@RosieisaHolt @wtfisgoingonpod Well, we can't upset the major donors to the tory party can we?",well can't upset major donor tory party
1.4984677335073014e+18,2022-03-01 01:18:42+00:00,['1498467733507301382'],@CarolineLucas Don't worry about it. There aren't enough police to enforce the rules anyway.,worry enough police enforce rule anyway
1.4984665011536732e+18,2022-03-01 01:13:48+00:00,['1498466501153673220'],"@Brian_Tibbels @MaxFRobespierre @Nigel_Farage Will we ever be free of this prick? 
As my mum used to say,""If he fell in a bucket of shite he'd come up smelling of roses!""",ever free prick mum used sayif fell bucket shite he'd come smelling rose
1.498465017443799e+18,2022-03-01 01:07:54+00:00,['1498465017443799044'],@Jeffrey62093861 @KevinPascoe Great stuff. Shame I don't actually drink the stuff.....,great stuff shame actually drink stuff
1.4984626776891146e+18,2022-03-01 00:58:37+00:00,['1498462677689114631'],"This is nice to see but wouldn't stronger sanctions be a better idea? But who knows how much much Russian money is swilling around in London these days?
Wouldn't want to lose that would you Boris,Jacob et al..... https://t.co/UuPlW9eQjD",nice see stronger sanction better idea know much much russian money swilling around london day want lose would borisjacob
1.498012399680426e+18,2022-02-27 19:09:22+00:00,['1498012399680425987'],I wonder if there will be a coup in Moscow very soon.....,wonder coup moscow soon
1.4979156051015188e+18,2022-02-27 12:44:44+00:00,['1497915605101518854'],https://t.co/r1CZSG1dNJ,
1.4977120377151898e+18,2022-02-26 23:15:50+00:00,['1497712037715189761'],"@BBCRadio2 Hi Craig, loving the tunes. Great music. Say hi to me please 'cos no-one else will!",craig loving tune great music say please 'cos noone else
1.4967868346465157e+18,2022-02-24 09:59:24+00:00,['1496786834646515715'],@Sillyshib Anything to add @mark4dewsbury ??,anything add
1.4965199946576282e+18,2022-02-23 16:19:05+00:00,['1496519994657628169'],@supertanskiii He cared about ordinary people. And he was utterly vilified for it. He was the reason I joined the Labour Party.,cared ordinary people utterly vilified reason joined labour party
1.496517921618731e+18,2022-02-23 16:10:51+00:00,['1496517921618731016'],@supertanskiii Bercow was like a wet fish. He let the Tories hammer Corbyn. Don't want him back thanks.,bercow like wet fish let tory hammer corbyn want back thanks
1.4964658901032018e+18,2022-02-23 12:44:05+00:00,['1496465890103201798'],"@LeedsTravelInfo @MetroTravelNews Well, it's flipping well taken you long enough!",well flipping well taken long enough
1.4964657053735158e+18,2022-02-23 12:43:21+00:00,['1496465705373515778'],"@mikegalsworthy Well, he is a tory. Probably thinks the Green Party is a joke. Bercow was the same with Jeremy Corbyn.",well tory probably think green party joke bercow jeremy corbyn
1.4964510531596984e+18,2022-02-23 11:45:08+00:00,['1496451053159698433'],@RMTunion @SamTarry @RMTCleanersSE I get less than that for driving a bus. I'm in the wrong job!,get driving bus i'm wrong job
1.4964493289819832e+18,2022-02-23 11:38:17+00:00,['1496449328981983233'],@BBCLeeds Take on me by Aha. Too easy!!,take aha easy
1.4964180477201408e+18,2022-02-23 09:33:59+00:00,['1496418047720140802'],@GeorgeMonbiot @mikegalsworthy Boris knows the Tory party would probably go bankrupt if he did! (And what dirt do they have on him.....),boris know tory party would probably bankrupt dirt
1.4964176519748895e+18,2022-02-23 09:32:24+00:00,['1496417651974889473'],@Nigella_Lawson üòã,
1.496400656638296e+18,2022-02-23 08:24:52+00:00,['1496400656638296065'],"Jeez, Liz Truss is as thick as two short planks!",jeez liz truss thick two short plank
1.4962487293467077e+18,2022-02-22 22:21:10+00:00,['1496248729346707470'],This twit is our PM. Like &amp; retweet if you think he looks better without hair. https://t.co/NAtm72bqHR,twit like amp retweet think look better without hair
1.495908576090538e+18,2022-02-21 23:49:31+00:00,['1495908576090537995'],"@bhandel58 @EricIdle ""Do they do an extra large size?"" (Asking for a friend.....)",extra large size asking friend
1.4959054321368187e+18,2022-02-21 23:37:02+00:00,['1495905432136818691'],"@6TownsMart The Castle looks like a lovely, traditional pub. And that pint looked lovely!",castle look like lovely traditional pub pint looked lovely
1.495836778867143e+18,2022-02-21 19:04:14+00:00,['1495836778867142659'],@eltomas87 @RailFreight Ditto!,ditto
1.4957462356507443e+18,2022-02-21 13:04:26+00:00,['1495746235650744320'],@haveigotnews Good old Brenda!,good old brenda
1.495707335347655e+18,2022-02-21 10:29:52+00:00,['1495707335347654656'],@mrjamesob Just watched this clip as you started on about this idiot. https://t.co/3gGqaIL1s3,watched clip started idiot
1.4956832153398026e+18,2022-02-21 08:54:01+00:00,['1495683215339802624'],@richardcalhoun How else should they be known?,else known
1.495466494142079e+18,2022-02-20 18:32:51+00:00,['1495466494142078976'],@elrchairman @eastlancsrly @ELRPSociety Top marks to all involved.,top mark involved
1.494956766177735e+18,2022-02-19 08:47:22+00:00,['1494956766177734657'],@GBNEWS @richardcalhoun What is GB News??,news
1.49445419179597e+18,2022-02-17 23:30:19+00:00,['1494454191795970050'],"An excellent evening in the local @HeavyWoolyCamra pub of the season.
Come here, it is a brilliant pub. Great ale, friendly staff and a fantastic atmosphere. https://t.co/HI7WdOC0zP",excellent evening local pub season come brilliant pub great ale friendly staff fantastic atmosphere
1.4944535613961912e+18,2022-02-17 23:27:49+00:00,['1494453561396191232'],No surprise there. Brexit is shit-official. https://t.co/6Bn0YvMTSd,surprise brexit shitofficial
1.4944527645455892e+18,2022-02-17 23:24:39+00:00,['1494452764545589248'],"@guardian Does The Queen have the power to dismiss Boris? 
Asking for a friend.",doe queen power dismiss boris asking friend
1.4942155069744497e+18,2022-02-17 07:41:52+00:00,['1494215506974449665'],It's windy in Blackpool! https://t.co/bVvRsUHLec,windy blackpool
1.4933716505067356e+18,2022-02-14 23:48:41+00:00,['1493371650506735617'],"Read, and inwardly digest.

This guy speaks so much sense. https://t.co/eR9aBWpDtG",read inwardly digest guy speaks much sense
1.4931493395307684e+18,2022-02-14 09:05:18+00:00,['1493149339530768386'],"I bet Putin is quaking in his boots at the West.

He'll do whatever he pleases. 

""Sanctions comrade, like we care! We have oil, gas, agriculture &amp; industry!""",bet putin quaking boot west he'll whatever plea sanction comrade like care oil gas agriculture amp industry
1.493146954972414e+18,2022-02-14 08:55:50+00:00,['1493146954972413954'],Seems I'm locked out of Facebook for 24 hrs. A comment about someone kissing me cos it's Valentines day didn't go down well with the Facebook gestapo. How will I cope!,seems i'm locked facebook comment someone kissing valentine day well facebook gestapo cope
1.4928546915161047e+18,2022-02-13 13:34:29+00:00,['1492854691516104704'],@RailDays @JedKendray @eastlancsrly 47765.....,
1.492498899793322e+18,2022-02-12 14:00:41+00:00,['1492498899793321984'],@ThatTimWalker I voted leave but wish I hadn't. The best fk up in modern years.,voted leave wish best modern year
1.4923997937291633e+18,2022-02-12 07:26:52+00:00,['1492399793729163271'],"@BBCRadio2 Hi Tony, good morning to you. Can you please play any track by Billy Fury? My mum passed away yesterday &amp; she was a big fan when she was younger. Many thanks.",tony good morning please play track billy fury mum passed away yesterday amp big fan younger many thanks
1.4918013047960412e+18,2022-02-10 15:48:42+00:00,['1491801304796041217'],@EJ_Burrows @trussliz I'm sure Putin is quaking in his boots. No wonder this country is now a laughing stock throughout the world.,i'm sure putin quaking boot wonder country laughing stock throughout world
1.4917273891220767e+18,2022-02-10 10:54:59+00:00,['1491727389122076675'],@SusanlLawson @David39133380 @DanielJHannan I am so very sorry for you &amp; your mum.,sorry amp mum
1.4917272552397292e+18,2022-02-10 10:54:27+00:00,['1491727255239729153'],@SusanlLawson @David39133380 @DanielJHannan My mother is in a similar condition.I was not able to visit her for a good while.I feel heartbroken.This is why Boris must go.,mother similar conditioni able visit good whilei feel heartbrokenthis boris must
1.491692269979771e+18,2022-02-10 08:35:26+00:00,['1491692269979770881'],"@N_Amberfield 33109, now preserved at the @eastlancsrly",preserved
1.490908701376774e+18,2022-02-08 04:41:48+00:00,['1490908701376774144'],@supertanskiii @brexit_sham I think this woman is amazing. I look forward to her rantings every day.,think woman amazing look forward ranting every day
1.4896335592121754e+18,2022-02-04 16:14:51+00:00,['1489633559212175369'],@HubNutVids @MissHubnut @JamesBlunt I know a good psychiatrist lol,know good psychiatrist lol
1.489255384544006e+18,2022-02-03 15:12:07+00:00,['1489255384544006149'],@christinetalbot @scalpcooling I never knew you'd suffered with breast cancer until now! (I'm not a watcher of the news) hope you're well &amp; doing ok luv.,never knew suffered breast cancer i'm watcher news hope well amp luv
1.4892546483723346e+18,2022-02-03 15:09:11+00:00,['1489254648372334597'],@guardian Is he going to apologise then??,going apologise
1.4892537153871913e+18,2022-02-03 15:05:29+00:00,['1489253715387191309'],"@tompeck @KwasiKwarteng Well, we all believe everything we read in The S*n don't we.....",well believe everything read
1.4892274631379313e+18,2022-02-03 13:21:10+00:00,['1489227463137931265'],@HubNutVids @mightycarmods Good luck,good luck
1.489142394603901e+18,2022-02-03 07:43:08+00:00,['1489142394603900930'],@HubNutVids @mightycarmods Are you going to install it yourself or are you getting a pro to do it ??,going install getting pro
1.4889061317874688e+18,2022-02-02 16:04:19+00:00,['1488906131787468805'],"@AdamJSchwarz @fascinatorfun We know! No HS2, Northern Powerhouse a joke.....

People like Gove think the north ends at Watford Gap!",know northern powerhouse joke people like gove think north end watford gap
1.4888231415141663e+18,2022-02-02 10:34:32+00:00,['1488823141514166274'],@snb19692 Well said that man.,well said man
1.4885906139184005e+18,2022-02-01 19:10:33+00:00,['1488590613918400517'],@BBCRadio2 Well well well..... it seems that giving your radio a thumb when it refuses to operate DOES work!,well well well seems giving radio thumb refuse operate doe work
1.4882096751830835e+18,2022-01-31 17:56:50+00:00,['1488209675183083521'],https://t.co/ulPyVCSRba,
1.488186376214438e+18,2022-01-31 16:24:15+00:00,['1488186376214437892'],"Sure I've just heard Boris Johnson belch on the radio! 

Just shows his contempt for parliament. 

But he's saying nothing.

Which shows it even more.

#BorisOut #BorisJohnsonOut",sure i've heard boris johnson belch radio show contempt parliament he's saying nothing show even
1.4879998580238418e+18,2022-01-31 04:03:06+00:00,['1487999858023841799'],@pipdunn @N_Amberfield Maybe to do with engine cooling? If the rads were facing each other cooling would be minimal.,maybe engine cooling rad facing cooling would minimal
1.4875201666740634e+18,2022-01-29 20:16:59+00:00,['1487520166674063365'],@ianvisits No way is that the 1950s.The bus is either a LT or STL class dating from the 1930s.Pretty sure they were all gone by the 50s although some were converted to SRT class using RT style https://t.co/F6sW2ghXAf's likely late 30s or 40s.,way sthe bus either stl class dating spretty sure gone although converted srt class using style likely late
1.487516145414713e+18,2022-01-29 20:01:00+00:00,['1487516145414713344'],@dholland422 @lewis_goodall @HackneyAbbott Yeuk!,yeuk
1.4874281306210386e+18,2022-01-29 14:11:16+00:00,['1487428130621038592'],"@LBC @mrjamesob This guy hasn't a clue. I don't understand ""wokeness"" so can anyone explain it to me or shall I Google it?",guy clue understand wokeness anyone explain shall google
1.4873457673711862e+18,2022-01-29 08:43:59+00:00,['1487345767371186180'],@HubNutVids Me too. I had a Mini for around 6 months &amp; it spent one of those in a garage with a major electrical fault which cost ¬£600 to fix. I was glad to see the back of it!,mini around month amp spent one garage major electrical fault cost fix glad see back
1.4873425529573048e+18,2022-01-29 08:31:12+00:00,['1487342552957304832'],"@HubNutVids Oh dear, I guess you'll be buying one soon then. Whatever happened to hubnut!",dear guess buying one soon whatever happened hubnut
1.4866229242410476e+18,2022-01-27 08:51:39+00:00,['1486622924241047553'],"""England lifts COVID-19 Plan B restrictions""  https://t.co/3w3GveGQtw",england lift covid plan restriction
1.4863292310261473e+18,2022-01-26 13:24:37+00:00,['1486329231026147328'],@nw_nicholas I've not heard anything from Priti Patel yet. Do you think she's quietly plotting in the wings??,i've heard anything priti patel yet think quietly plotting wing
1.4863287678910587e+18,2022-01-26 13:22:47+00:00,['1486328767891058692'],@HubNutVids No one wants to fund it or manage it properly that is why. Things aren't much better in towns &amp; cities.,one want fund manage properly thing much better town amp city
1.486327993064698e+18,2022-01-26 13:19:42+00:00,['1486327993064697857'],@gawuffy @AlexHynes @LNER Wonder if the Highland Chieftain or The Clansman will make a reappearance.,wonder highland chieftain clansman make reappearance
1.4860239381069578e+18,2022-01-25 17:11:30+00:00,['1486023938106957828'],@JAT74L My Lords! üò≤,lord
1.4859323648282296e+18,2022-01-25 11:07:37+00:00,['1485932364828229632'],https://t.co/4XzZF6bxPl,
1.4859322756069007e+18,2022-01-25 11:07:16+00:00,['1485932275606900739'],@TomLondon6 üòÜ,
1.485931686160384e+18,2022-01-25 11:04:55+00:00,['1485931686160384002'],@AngelaRayner You'll have to look very closely!,look closely
1.4859253301162967e+18,2022-01-25 10:39:40+00:00,['1485925330116296708'],"When I was in the scouts, I had to whittle a tent peg to pass my 'knife &amp; axe' test for a badge. Against all odds I managed it without chopping off a finger or two! Sadly, the tent peg was lost years ago.",scout whittle tent peg pas 'knife amp axe' test badge odds managed without chopping finger two sadly tent peg lost year ago
1.4856073165862093e+18,2022-01-24 13:36:00+00:00,['1485607316586209288'],"Julian Assange in the news again.....

Can I just say I really don't care?

We have a pandemic going on, much worse things in the country so I really don't see why we are worrying about a guy who isn't even a British national.

Good bye Mr A!",julian assange news say really care pandemic going much worse thing country really see worrying guy even british national good bye
1.48557055020655e+18,2022-01-24 11:09:54+00:00,['1485570550206550027'],"@BBCLeeds Eyup Gayle, say hi to me (cos no-one else will!) I've been absent for a while &amp; it's good to hear your dulcet tones again as I clean up! Have a good one luv!",eyup gayle say noone else i've absent amp good hear dulcet tone clean good one luv
1.4840338750724096e+18,2022-01-20 05:23:42+00:00,['1484033875072409600'],"Not sure I could feel more shite than I do right now.

But give me time.....

üò©",sure could feel shite right give time
1.483757748219269e+18,2022-01-19 11:06:28+00:00,['1483757748219269121'],"@Femi_Sorry @JeremyVineOn5 @adepstein1 @theJeremyVine Well, I certainly don't!",well certainly
1.4837110229345075e+18,2022-01-19 08:00:48+00:00,['1483711022934507524'],Brilliant. https://t.co/GovUtEl7Hf,brilliant
1.48369522370014e+18,2022-01-19 06:58:01+00:00,['1483695223700140033'],@N_Amberfield Positively pornographic! üòç,positively pornographic
1.4830120453814518e+18,2022-01-17 09:43:19+00:00,['1483012045381451780'],@LBCNews I think we need to get a grip. Kier Starmer had a drink and some food whilst WORKING with colleagues. Boris had party after party. No doubt our unbiased media will report it properly. Remember who is behind our media.....,think need get grip kier starmer drink food whilst working colleague boris party party doubt unbiased medium report properly remember behind medium
1.4827077130586522e+18,2022-01-16 13:34:00+00:00,['1482707713058652164'],"@eltomas87 @TracyBrabin @MetroTravelNews @WYP_Dewsbury On Friday night the police finally did turn up as some of the scroats were carrying knives! They (well,pcsos) turned up last night also.Most of them seem to jump on either 126/7 or 280.Police need to start following those buses &amp; seeing who's on them.",friday night police finally turn scroats carrying knife wellpcsos turned last night alsomost seem jump either police need start following bus amp seeing who's
1.48270656472952e+18,2022-01-16 13:29:27+00:00,['1482706564729520133'],"@addict_car This car of course,became the LADA,beloved of cheap motorists https://t.co/n2HmSVTAnW neighbours (but not thankfully my dad!) had several examples.",car coursebecame ladabeloved cheap motorist neighbour thankfully dad several example
1.4827059144487772e+18,2022-01-16 13:26:52+00:00,['1482705914448777216'],"How about some action @TracyBrabin ? As WY mayor it is up to you to act.People are not going to use the buses (especially at night) if they don't feel safe.I suggest you liase with @MetroTravelNews &amp; @WYP_Dewsbury about https://t.co/kLsvqyZLXK,thanks.",action mayor actpeople going use bus especially night feel safei suggest liase amp
1.482507290821501e+18,2022-01-16 00:17:36+00:00,['1482507290821500933'],"Dewsbury bus stn is a scary place at night recently.

Gangs of angry youths roaming around causing (cont) https://t.co/f7yEFdqDTl",dewsbury bus stn scary place night recently gang angry youth roaming around causing cont
1.4824481634243256e+18,2022-01-15 20:22:39+00:00,['1482448163424325637'],@RichOllerenshaw @mark4dewsbury So that's what he looks like! First time I've seen him. Any comment @mark4dewsbury ??,that's look like first time i've seen comment
1.4819105865229722e+18,2022-01-14 08:46:31+00:00,['1481910586522972163'],"Just heard Boris Johnson described as a ""historic"" prime minister.
Well,he's certainly that.
@LBCNews @NickFerrariLBC 
But not for the reasons this guy is ranting about.",heard boris johnson described historic prime minister wellhe's certainly reason guy ranting
1.4819075149880156e+18,2022-01-14 08:34:18+00:00,['1481907514988015617'],"@EdwardJDavey @SimonUbsdell Someone told me (dunno if it's true) that Dick's father was a lecturer at Oxford when Boris was there.
 That would be a remarkable coincidence wouldn't it??",someone told dunno true dick's father lecturer oxford boris would remarkable coincidence
1.4813755816777933e+18,2022-01-12 21:20:35+00:00,['1481375581677793282'],@mrjamesob üòÜ,
1.4813753168074588e+18,2022-01-12 21:19:32+00:00,['1481375316807458816'],@NoCake4Brexit @bbclaurak I think he's got that on repeat!,think he's got repeat
1.4813750317415383e+18,2022-01-12 21:18:24+00:00,['1481375031741538304'],@bbclaurak @mikegalsworthy Is that the tea room at No.10??,tea room
1.4812408124700836e+18,2022-01-12 12:25:04+00:00,['1481240812470083587'],"Boris is a dead PM walking.

It is merely a matter of time.....

#BorisResign #BorisTheLiar",boris dead walking merely matter time
1.481011739915391e+18,2022-01-11 21:14:49+00:00,['1481011739915390979'],@WritesBright @acgrayling It is destroyed.,destroyed
1.4810113937385144e+18,2022-01-11 21:13:26+00:00,['1481011393738514432'],@VickiExplores I want one!! (As long as someone else does the digging!),want one long someone else doe digging
1.481010953512698e+18,2022-01-11 21:11:41+00:00,['1481010953512697859'],What utter bulls*it! https://t.co/lFGopYYhwx,utter bullsit
1.4810108310348308e+18,2022-01-11 21:11:12+00:00,['1481010831034830856'],@bbclaurak @KevinPascoe Been to any parties recently Laura?,party recently laura
1.481007685847896e+18,2022-01-11 20:58:42+00:00,['1481007685847896066'],@ProjWeToldYouSo @metpoliceuk The establishment is closing ranks.,establishment closing rank
1.4809734941711852e+18,2022-01-11 18:42:50+00:00,['1480973494171185152'],"@mrjamesob This govt stinks,but they are all well leeward of the smell. It's us who need nose pegs.",govt stinksbut well leeward smell need nose peg
1.4805842485789532e+18,2022-01-10 16:56:07+00:00,['1480584248578953219'],"@will_perryy Just watched you on @BBCNews and I cannot believe people can be so unkind. Bravo for speaking up and all the very best for the future,in sport as with life.",watched cannot believe people unkind bravo speaking best futurein sport life
1.47954748369297e+18,2022-01-07 20:16:23+00:00,['1479547483692969990'],"@BBCRadio2 Garry, can you please play anything by Debbie Gibson? I had such a crush on her back in the day! Cheers &amp; HNY 2022!!",garry please play anything debbie gibson crush back day cheer amp hny
1.4794426384115507e+18,2022-01-07 13:19:46+00:00,['1479442638411550724'],"@WakeCathedral @LeedsCofE @engcathedrals @churchofengland @WakeExpress @yorkshirepost @Expwakefield @WakefieldBID @WakefieldMayor @MyWakefield Blimey,they're braver than me!",blimeythey're braver
1.4793805717175255e+18,2022-01-07 09:13:08+00:00,['1479380571717525506'],@BBCLeeds The moons of Jupiter!,moon jupiter
1.4788154597137203e+18,2022-01-05 19:47:35+00:00,['1478815459713720320'],"@BusSafetyRep @TfL I thought all companies were desperate for drivers down there? As with other parts of the country. I think they want faceless ""yes sir no sir"" candidates they can use &amp; abuse as they please. Good luck in your quest,I hope you find employment soon.",thought company desperate driver part country think want faceless yes sir sir candidate use amp abuse please good luck questi hope find employment soon
1.478040222512431e+18,2022-01-03 16:27:04+00:00,['1478040222512431107'],"This is ale.

Go to a pub and drink some.

Cheers! https://t.co/OArc3JqKa1",ale pub drink cheer
1.477338303586259e+18,2022-01-01 17:57:53+00:00,['1477338303586258946'],@DaneTank656 Brilliant. Imagine that on Network Rail!,brilliant imagine network rail
1.4771920025382543e+18,2022-01-01 08:16:32+00:00,['1477192002538254343'],"@BBCRadio2 Well,that's a great start to 2022,I've just spilled me coffee!! 
HNY to all.",wellthat's great start i've spilled coffee hny
1.4770693666423644e+18,2022-01-01 00:09:14+00:00,['1477069366642364417'],Happy New Year everyone!,happy new year everyone
1.476460300476035e+18,2021-12-30 07:49:01+00:00,['1476460300476035072'],"One more day.....

Come on 2021,f*ck off!

We've had enough now.",one day come fck we've enough
1.4761517405967237e+18,2021-12-29 11:22:55+00:00,['1476151740596723714'],@PeterStefanovi2 @reece_dinsdale @reid6peter @NevilleSouthall @CAA_Official @RealGaryWebster @masato_jones @BarringtonMole @campbellclaret Boris is a liar. He's corrupt and rapidly becoming a liability. The sooner the Conservative party oust him the better.,boris liar he's corrupt rapidly becoming liability sooner conservative party oust better
1.475075424673747e+18,2021-12-26 12:06:01+00:00,['1475075424673746948'],@eltomas87 Not back until tomorrow.,back tomorrow
1.4750280798400512e+18,2021-12-26 08:57:53+00:00,['1475028079840051201'],"Good morning all.

I hope you enjoyed your Christmas, whatever you did.

If you're heading to the sales,chilling with family &amp; friends or heading to the pub have a safe &amp; steady day.

And if you're driving a bus,keep your cool &amp; treat everyone as an idiot &amp; you won't go wrong!",good morning hope enjoyed christmas whatever heading saleschilling family amp friend heading pub safe amp steady day driving buskeep cool amp treat everyone idiot amp wrong
1.47472022516582e+18,2021-12-25 12:34:35+00:00,['1474720225165819909'],@eltomas87 Work isn't the problem mate. There's plenty of vacancies if you fancy giving it a go.,work problem mate there's plenty vacancy fancy giving
1.474519934059303e+18,2021-12-24 23:18:42+00:00,['1474519934059302912'],@eltomas87 I'd swap you for my life right now. Merry Christmas.,i'd swap life right merry christmas
1.4745196307104604e+18,2021-12-24 23:17:29+00:00,['1474519630710460423'],@Eddystone506 Neither. They're both crap.,neither they're crap
1.474421118522073e+18,2021-12-24 16:46:02+00:00,['1474421118522073088'],@JoanneMCrompton Happy Christmas luv!,happy christmas luv
1.4732411089059635e+18,2021-12-21 10:37:06+00:00,['1473241108905963529'],@ShaunLintern @aftabgujral @Independent UNTIL it's too late? It already is for some!,late already
1.4726256096627753e+18,2021-12-19 17:51:20+00:00,['1472625609662775305'],@34020seaton You too. Merry Christmas &amp; all the best for 2022!,merry christmas amp best
1.472624302239408e+18,2021-12-19 17:46:08+00:00,['1472624302239408132'],"@34020seaton Of course not. I do believe respect has to be earned though,I show it to other people and hope it is reciprocated.",course believe respect earned thoughi show people hope reciprocated
1.4724818700300288e+18,2021-12-19 08:20:09+00:00,['1472481870030028802'],"I think I've heard it all now.....

Apparently the Beano comic is changing the names of some of The Bash Street Kids to make them politically correct.

Fatty is now Freddie &amp; Spotty is now Scotty.

I give up!

üôÑ",think i've heard apparently beano comic changing name bash street kid make politically correct fatty freddie amp spotty scotty give
1.4721382577313096e+18,2021-12-18 09:34:46+00:00,['1472138257731309568'],@BBCRadio2 What utter crap! Bing Crosby must be spinning in his grave!!,utter crap bing crosby must spinning grave
1.4716157885242163e+18,2021-12-16 22:58:39+00:00,['1471615788524216321'],"@mikeroebuck53 @OldSheffield My brother told me he nearly got his arms yanked off as he jumped on a Routemaster at the lights in London
as it pulled away!",brother told nearly got arm yanked jumped routemaster light london pulled away
1.4714831676809093e+18,2021-12-16 14:11:40+00:00,['1471483167680909319'],@ollyo9 @duncanpoundcake @jeremycorbyn @Jackiew80333500 @Keir_Starmer Aggy?? No one is.,aggy one
1.4714828351523471e+18,2021-12-16 14:10:21+00:00,['1471482835152347141'],https://t.co/IYusdM23Cn,
1.4714828246036234e+18,2021-12-16 14:10:18+00:00,['1471482824603623431'],"That's my Xmas ale in. @ossettbrewery have done well out of me this year!

Happy Christmas all!! https://t.co/kaEHPwPChU",that's xmas ale done well year happy christmas
1.4714237961502474e+18,2021-12-16 10:15:45+00:00,['1471423796150247432'],@BBCNews I've never heard such nonsense.,i've never heard nonsense
1.4713893960416174e+18,2021-12-16 07:59:03+00:00,['1471389396041617410'],@duncanpoundcake @ollyo9 @jeremycorbyn @Jackiew80333500 @Keir_Starmer And so the mud slinging starts.....,mud slinging start
1.471033415520641e+18,2021-12-15 08:24:31+00:00,['1471033415520641032'],A MILLION INFECTIONS A WEEK!,million infection week
1.470763177617072e+18,2021-12-14 14:30:41+00:00,['1470763177617072140'],"If you're going to break down,make sure you cause as little disruption as possible. https://t.co/TMFWKQOwwd",going break downmake sure cause little disruption possible
1.470680521168634e+18,2021-12-14 09:02:14+00:00,['1470680521168633861'],"Someone really needs to tell people that putting a facemask over your mouth &amp; not over their nose as well is like putting a condom round yer gonads but not over yer dick!

Wear it properly ffs!!",someone really need tell people putting facemask mouth amp nose well like putting condom round yer gonad yer dick wear properly ffs
1.4699642267814584e+18,2021-12-12 09:35:56+00:00,['1469964226781458433'],@cdscanl #teflonboris,
1.4699638592764805e+18,2021-12-12 09:34:29+00:00,['1469963859276480518'],@leirsinnsalba Wonder who paid for it.....,wonder paid
1.4699591245909934e+18,2021-12-12 09:15:40+00:00,['1469959124590993411'],@JamesMelville Did I deserve him? And all the others who didn't vote for him??,deserve others vote
1.4692457872049562e+18,2021-12-10 10:01:07+00:00,['1469245787204956160'],https://t.co/ztVJPiALJX,
1.46916396267989e+18,2021-12-10 04:35:59+00:00,['1469163962679889926'],"Just heard on @BBCRadio4 

@bbclaurak saying there's talk of Boris resigning.....

Some hope.....

#teflonboris",heard saying there's talk boris resigning hope
