id,created_at,edit_history_tweet_ids,text,clean_text,non_english
1.5637584137960202e+18,2022-08-28 05:20:33+00:00,['1563758413796020225'],RLWC2021 celebrates 50DTG until tournament kick off https://t.co/OV3leBCYzD via @Saints1890,rlwc celebrates dtg tournament kick via,False
1.5631116204982067e+18,2022-08-26 10:30:26+00:00,['1563111620498206723'],James Roby: St Helens captain signs one-year contract extension with club https://t.co/XMPIGZR1PC,james roby st helen captain sign oneyear contract extension club,False
1.5625159463962993e+18,2022-08-24 19:03:26+00:00,['1562515946396299266'],"Help Ukraine Emergency Appeal 
 https://t.co/IPtwS9LkTK",help ukraine emergency appeal,False
1.5602294447904563e+18,2022-08-18 11:37:41+00:00,['1560229444790456320'],Sphere Foundation started a petition with @AllOut that could really change things for LGBT+ people. Add your name and join them in the fight for LGBT+ rights! üåà https://t.co/EKKBkcsTEI,sphere foundation started petition could really change thing lgbt people add name join fight lgbt right,False
1.558846063104213e+18,2022-08-14 16:00:38+00:00,['1558846063104212992'],back to normal #COYS https://t.co/92yOBYtSso,back normal,False
1.558759495957971e+18,2022-08-14 10:16:38+00:00,['1558759495957970945'],Rugby League World Cup 2021: Four reasons to follow the Wheelchair Rugby League tournament - BBC Bitesize https://t.co/o0DHg8wumm,rugby league world cup four reason follow wheelchair rugby league tournament bbc bitesize,False
1.5586934887572849e+18,2022-08-14 05:54:21+00:00,['1558693488757284865'],British minister accused of trying to hide reports on impact of Tory welfare reforms https://t.co/RiYtfoSGMj,british minister accused trying hide report impact tory welfare reform,False
1.5578223611388723e+18,2022-08-11 20:12:48+00:00,['1557822361138872330'],#SLWarTou. Toulouse showing maturity determination and plenty of skill to good for relegation,toulouse showing maturity determination plenty skill good relegation,False
1.557770473307603e+18,2022-08-11 16:46:37+00:00,['1557770473307602946'],#r4today nothing more depressing than listening to young conservatives,nothing depressing listening young conservative,False
1.5576889124448543e+18,2022-08-11 11:22:31+00:00,['1557688912444854272'],Lenny started a petition with @AllOut that could really change things for LGBT+ people. Add your name and join them in the fight for LGBT+ rights! üåà https://t.co/RvmLsBt6uk,lenny started petition could really change thing lgbt people add name join fight lgbt right,False
1.557462918521815e+18,2022-08-10 20:24:30+00:00,['1557462918521815044'],EU under pressure to ban Russian tourists from Europe https://t.co/FVmRKG0Q74,eu pressure ban russian tourist europe,False
1.5571084316303442e+18,2022-08-09 20:55:54+00:00,['1557108431630344194'],This week's MoneySaving email https://t.co/TmB2debDdL,week's moneysaving email,False
1.5570335596423127e+18,2022-08-09 15:58:23+00:00,['1557033559642312705'],"Help Ukraine Emergency Appeal 
 https://t.co/IPtwSa2Wik",help ukraine emergency appeal,False
1.5567136039605617e+18,2022-08-08 18:47:00+00:00,['1556713603960561664'],‚ÄòPerverse and retrograde‚Äô: Merseyside Police officer avoids dismissal after racist remark https://t.co/sgBzefGVGC,perverse retrograde merseyside police officer avoids dismissal racist remark,False
1.5556604551961231e+18,2022-08-05 21:02:09+00:00,['1555660455196123136'],Want a Labour victory at the next election? Join the ‚ÄòTarget Tour‚Äô campaign ‚Äì LabourList https://t.co/4nniIXmxrL,want labour victory next election join target tour campaign labourlist,False
1.5556577330550784e+18,2022-08-05 20:51:20+00:00,['1555657733055078400'],#SLWigWar warrington looking good but just gave up in second half,warrington looking good gave second half,False
1.555645491408507e+18,2022-08-05 20:02:42+00:00,['1555645491408506880'],Effing marvellous https://t.co/EP0sTxUhZs,effing marvellous,False
1.5555076243297649e+18,2022-08-05 10:54:52+00:00,['1555507624329764864'],Broadcast selections for Round 24 confirmed https://t.co/1rDCWSHhFJ,broadcast selection round confirmed,False
1.5543709639822418e+18,2022-08-02 07:38:11+00:00,['1554370963982241794'],Keegan Hirst reverses retirement and rejoins Batley - but cannot play until next season https://t.co/WEePGv2L2Q,keegan hirst revers retirement rejoins batley cannot play next season,False
1.55436727692057e+18,2022-08-02 07:23:32+00:00,['1554367276920569859'],Nasty spice https://t.co/Op2iQgDaGg,nasty spice,False
1.5536530675261522e+18,2022-07-31 08:05:31+00:00,['1553653067526152192'],Liverpool activist helped organise one of the first-ever Pride in Poland - Liverpool Echo https://t.co/DQocLDq4Y3,liverpool activist helped organise one firstever pride poland liverpool echo,False
1.551460412381692e+18,2022-07-25 06:52:41+00:00,['1551460412381691905'],#r4today thought for the day had had its day religious mania no place on main radio news programme,thought day day religious mania place main radio news programme,False
1.5511220644169482e+18,2022-07-24 08:28:13+00:00,['1551122064416948225'],No breakthrough as Arriva Merseyside strikes head into day three https://t.co/0W4cjt9eGF,breakthrough arriva merseyside strike head day three,False
1.5511217896774574e+18,2022-07-24 08:27:07+00:00,['1551121789677457408'],Call centre staff 'can't afford to feed kids' as strike looms https://t.co/X3ENh3SSkP,call centre staff 'can't afford feed kids' strike loom,False
1.5501238061271122e+18,2022-07-21 14:21:29+00:00,['1550123806127112193'],Help Ukraine Emergency Appeal https://t.co/LIlOMFfgHB,help ukraine emergency appeal,False
1.5498663804884828e+18,2022-07-20 21:18:34+00:00,['1549866380488482818'],#unvaccinated hannah fry patience of a saint,hannah fry patience saint,False
1.549111543693881e+18,2022-07-18 19:19:07+00:00,['1549111543693881344'],¬£187m of Windsor family wealth hidden in secret royal wills https://t.co/NCyhIrB1zX,windsor family wealth hidden secret royal,False
1.5490952361478103e+18,2022-07-18 18:14:19+00:00,['1549095236147810310'],Tell your MP: being trans is not an 'issue' https://t.co/MtDrZXy8GM,tell mp trans 'issue',False
1.5479474154868818e+18,2022-07-15 14:13:17+00:00,['1547947415486881792'],"Help Ukraine Emergency Appeal 
 https://t.co/IPtwS9LkTK",help ukraine emergency appeal,False
1.5475703526701998e+18,2022-07-14 13:14:59+00:00,['1547570352670199808'],Revealed: Queen‚Äôs sweeping immunity from more than 160 laws https://t.co/dDWWi48TPK,revealed queen sweeping immunity law,False
1.5468892137271992e+18,2022-07-12 16:08:23+00:00,['1546889213727199232'],Why Labour is right to want to end charitable status for private schools https://t.co/ztdFgMftBS via @leftfootfwd,labour right want end charitable status private school via,False
1.5458275041659494e+18,2022-07-09 17:49:31+00:00,['1545827504165949440'],@SuperLeague sthelens outclass and outplay Wigan again,sthelens outclass outplay wigan,False
1.5432706821124424e+18,2022-07-02 16:29:37+00:00,['1543270682112442368'],#SLCATSTH napa off,napa,False
1.5427864148567736e+18,2022-07-01 08:25:19+00:00,['1542786414856773633'],Par for the course for Her          Nadine Dorries: Culture secretary confuses rugby codes in speech at Rugby League World Cup event https://t.co/vEvTgriDUE,par course nadine dorries culture secretary confuses rugby code speech rugby league world cup event,False
1.5418000590666138e+18,2022-06-28 15:05:53+00:00,['1541800059066613760'],Revealed: how Prince Charles pressured ministers to change law to benefit his estate https://t.co/sXv5zr4oNW,revealed prince charles pressured minister change law benefit estate,False
1.5407047756915507e+18,2022-06-25 14:33:38+00:00,['1540704775691550720'],'Scared' strikers struggling to pay bills 'can't afford not to strike' - Liverpool Echo https://t.co/Q9fb6rgn4c,'scared' striker struggling pay bill 'can't afford strike' liverpool echo,False
1.5405999062299607e+18,2022-06-25 07:36:55+00:00,['1540599906229960704'],#R4Today bozo Johnson as usual  blaming everyone else for not recognising him as the main world statesman and leader of the free world.,bozo johnson usual blaming everyone else recognising main world statesman leader free world,False
1.540421862370513e+18,2022-06-24 19:49:26+00:00,['1540421862370512896'],#SLWarHul   40 mins of my life wasted,min life wasted,False
1.5404185941353308e+18,2022-06-24 19:36:27+00:00,['1540418594135330817'],#SLWarHul neither side look capable of scoring or wanting to score,neither side look capable scoring wanting score,False
1.5400965674740122e+18,2022-06-23 22:16:49+00:00,['1540096567474012162'],#bbcqt Tory mp blaming everyone except past 12 years of Tory austerity and corrupt govt,tory mp blaming everyone except past year tory austerity corrupt govt,False
1.5400919067801928e+18,2022-06-23 21:58:18+00:00,['1540091906780192768'],#STHLEE #RugbyLeague he was lucky not to get yellow carded aggressive arguing with ref https://t.co/kU4ZNtVw1G,wa lucky get yellow carded aggressive arguing ref,False
1.540091275151659e+18,2022-06-23 21:55:48+00:00,['1540091275151659010'],Her radio 2 programme on a Saturday eve is the most bizarre funny and enjoyable radio shown https://t.co/IpvxO5bm2s,radio programme saturday eve bizarre funny enjoyable radio shown,False
1.5400904403550454e+18,2022-06-23 21:52:29+00:00,['1540090440355045378'],#VoteConservative for further destruction/ privatisation of our NHS,destruction privatisation nh,False
1.5400822525661102e+18,2022-06-23 21:19:57+00:00,['1540082252566110211'],#slsthlee James Roby excellent game as skilful and fast as ever #RugbyLeague,james roby excellent game skilful fast ever,False
1.5396765803304796e+18,2022-06-22 18:27:57+00:00,['1539676580330479616'],Liverpool sends message to rail workers as strike action begins https://t.co/hQXzIVqDLr,liverpool sends message rail worker strike action begin,False
1.5391574383640123e+18,2022-06-21 08:05:04+00:00,['1539157438364012546'],#RailStrikes NHS nurse fully supports the rail strike 3% not enough for rail workers or NHS staff,nh nurse fully support rail strike enough rail worker nh staff,False
1.539016702306009e+18,2022-06-20 22:45:50+00:00,['1539016702306009088'],Rail companies want to cut 1000s of rail workers‚Äô jobs. Yet rail bosses are getting million-pound pay packets and making ¬£500m in profit each year. This isn't right. Write to your MP to demand they support our rail workers: https://t.co/kk9tgbh7gs via @MegaphoneUK and @RMTunion,rail company want cut rail worker job yet rail boss getting millionpound pay packet making profit year right write mp demand support rail worker via,False
1.538958016325763e+18,2022-06-20 18:52:38+00:00,['1538958016325763072'],England tune up for Women‚Äôs World Cup with assured victory over France https://t.co/GNxVZVp2L5,england tune woman world cup assured victory france,False
1.5385501114453197e+18,2022-06-19 15:51:46+00:00,['1538550111445319680'],My friend RL Cares - Francis Stephenson is fundraising for Rugby League Cares. Check out their @JustGiving page and please donate if you can. Thank you! #JustGiving https://t.co/y8l2LfH6eg,friend rl care francis stephenson fundraising rugby league care check page please donate thank,False
1.538549562872316e+18,2022-06-19 15:49:35+00:00,['1538549562872315906'],Fast and furious amazing sport to watch https://t.co/C03ivvKeNZ,fast furious amazing sport watch,False
1.538205356291248e+18,2022-06-18 17:01:50+00:00,['1538205356291248128'],#EnglandRL  BBC showing lack of commitment to #rugbyleague no radio commentary for England v all stars,bbc showing lack commitment radio commentary england v star,False
1.5381770088946235e+18,2022-06-18 15:09:11+00:00,['1538177008894623749'],Great first half huge improvement in French team since last year https://t.co/esbbtxmogE,great first half huge improvement french team since last year,False
1.534226124749824e+18,2022-06-07 17:29:47+00:00,['1534226124749824002'],@Podolyak_M @BorisJohnson @ZelenskyyUa You have the support of the UK any UK PM would have responded in the same way Johnson is unreliable a liar and a petty criminal he will use the war for his own self publicity and ignore Ukraine if not useful to him,support uk uk pm would responded way johnson unreliable liar petty criminal use war self publicity ignore ukraine useful,False
1.533903043569533e+18,2022-06-06 20:05:58+00:00,['1533903043569532928'],#JohnsonOut dead man walking,dead man walking,False
1.5331407271480402e+18,2022-06-04 17:36:48+00:00,['1533140727148040193'],#SLTouStH Regan Grace is back https://t.co/tWDhVHQEGX,regan grace back,False
1.5331389547525612e+18,2022-06-04 17:29:45+00:00,['1533138954752561162'],#SLTouStH ridiculous refereeing 2 forward passes two no try‚Äôs he couldn‚Äôt get away with a 3 rd no try https://t.co/laTboKTdsc,ridiculous refereeing forward pass two try couldnt get away rd try,False
1.5331055686798623e+18,2022-06-04 15:17:05+00:00,['1533105568679862275'],#SLTouStH. Come on you saints https://t.co/Yt6NqjpX6C,come saint,False
1.5302228031606374e+18,2022-05-27 16:22:01+00:00,['1530222803160637440'],"I just joined Greenpeace in urging Asda, Morrison‚Äôs, Sainsbury‚Äôs and Tesco to stop selling Russian diesel to their customers. It takes 2 minutes, can you join me? https://t.co/xXMjDa2g8z",joined greenpeace urging asda morrison sainsburys tesco stop selling russian diesel customer take minute join,False
1.5300943804507791e+18,2022-05-27 07:51:42+00:00,['1530094380450779136'],ICU doctor shares heartbreaking response to PM party pics https://t.co/HQhKqQNFL8,icu doctor share heartbreaking response pm party pic,False
1.530094056147239e+18,2022-05-27 07:50:25+00:00,['1530094056147238912'],A man without shame who thinks he has got away with it all again https://t.co/1pRevmxUJO,man without shame think ha got away,False
1.5294838229700526e+18,2022-05-25 15:25:34+00:00,['1529483822970052611'],https://t.co/4TjbEao1GP,,False
1.5294815595307745e+18,2022-05-25 15:16:34+00:00,['1529481559530774528'],#JohnsonOut117 he is scum and he leads a party of scumbags,scum lead party scumbags,False
1.527251404502446e+18,2022-05-19 11:34:44+00:00,['1527251404502446080'],Andy Burnham warns organisations supporting conversion therapy could be stripped of public funding - Manchester Evening News https://t.co/qHgpSOkY3U,andy burnham warns organisation supporting conversion therapy could stripped public funding manchester evening news,False
1.527248084375376e+18,2022-05-19 11:21:32+00:00,['1527248084375375874'],#DerryGirls the dance at the beginning Joyous,dance beginning joyous,False
1.5268556271838904e+18,2022-05-18 09:22:03+00:00,['1526855627183890432'],"Help Ukraine Emergency Appeal 
 https://t.co/IPtwSa3u7S",help ukraine emergency appeal,False
1.526505972042285e+18,2022-05-17 10:12:39+00:00,['1526505972042285057'],Wheelchair Challenge Cup: Holders Leeds Rhinos to face Catalans Dragons in final https://t.co/SLdzOZTfW9,wheelchair challenge cup holder leeds rhino face catalan dragon final,False
1.526234913325953e+18,2022-05-16 16:15:34+00:00,['1526234913325953025'],".@BorisJohnson stop importing Russian oil!

It's funding Putin's war and fuelling the climate crisis.

Putin‚Äôs former adviser has said that banning Russian fossil fuels could stop the war. Boost renewables and household energy efficiency instead.

#OilFuelsWar",stop importing russian oil funding putin's war fuelling climate crisis putin former adviser ha said banning russian fossil fuel could stop war boost renewables household energy efficiency instead,False
1.525202310502273e+18,2022-05-13 19:52:22+00:00,['1525202310502273025'],#SLStHHul ridiculous statement from commentator ‚Äò age of St. Helens invincibility over‚Äô,ridiculous statement commentator age st helen invincibility,False
1.5235166677241242e+18,2022-05-09 04:14:13+00:00,['1523516667724124160'],@Carti_Mandua I also have a degree in my economics.,also degree economics,False
1.5233528502227108e+18,2022-05-08 17:23:16+00:00,['1523352850222710784'],"#andrewneilshow Rees mogg now defending the indefensible oil companies, rather than helping people who can‚Äôt afford to heat their homes #JohnsonOut104",rees mogg defending indefensible oil company rather helping people cant afford heat home,False
1.5233505763266068e+18,2022-05-08 17:14:14+00:00,['1523350576326606848'],#andrewneilshow Rees mogg saying the economic disaster facing us is nothing to do with conservative govt and they have no idea how to address it #ToriesOutNow,rees mogg saying economic disaster facing u nothing conservative govt idea address,False
1.5229539096392049e+18,2022-05-07 14:58:01+00:00,['1522953909639204865'],#ChallengeCup   Roby is amazing running rings around the pie eaters,roby amazing running ring around pie eater,False
1.5229399196934062e+18,2022-05-07 14:02:26+00:00,['1522939919693406209'],#ChallengeCup the canonisation of Field by the BBC commentators is very premature,canonisation field bbc commentator premature,False
1.520702610109567e+18,2022-05-01 09:52:10+00:00,['1520702610109566977'],#politicsnorthwest Tory councillor leader of Tory group bury council made ridiculous claims that reduce council tax improves services went unchallenged by presenter ???,tory councillor leader tory group bury council made ridiculous claim reduce council tax improves service went unchallenged presenter,False
1.5193572617386107e+18,2022-04-27 16:46:14+00:00,['1519357261738610689'],https://t.co/n75CG9raes,,False
1.5192568349468303e+18,2022-04-27 10:07:10+00:00,['1519256834946830337'],"BBC News - Covid: Discharging hospital patients to care homes 'unlawful'
https://t.co/YNpjNz8eh6",bbc news covid discharging hospital patient care home 'unlawful',False
1.5182314428070093e+18,2022-04-24 14:12:37+00:00,['1518231442807009280'],#C4League @HelenSkelton great to watch sat and sun dinner time  rugby league hopefully shake up tired old BBC rugby league coverage,great watch sat sun dinner time rugby league hopefully shake tired old bbc rugby league coverage,False
1.5182282880319242e+18,2022-04-24 14:00:05+00:00,['1518228288031924225'],#SLWIGSAL jai field fast runner other aspects of his game well controlled by salford,jai field fast runner aspect game well controlled salford,False
1.5182252248812913e+18,2022-04-24 13:47:55+00:00,['1518225224881291265'],#SLWigSal looked like Wigan player tripped Salford player chasing field,looked like wigan player tripped salford player chasing field,False
1.5182173091517071e+18,2022-04-24 13:16:28+00:00,['1518217309151707137'],#SLWIGSAL Wigan looking decidedly rattled by Salford confident play,wigan looking decidedly rattled salford confident play,False
1.517829517821497e+18,2022-04-23 11:35:31+00:00,['1517829517821497344'],"I've just asked my MP to commit to protecting all LGBTQA+ people by supporting a full and comprehensive ban on conversion practices, with no loopholes. Use @BanCTorg's tool to email your MP and ask them to #BanConversionTherapy now https://t.co/ZJ1xsdD5CG",i've asked mp commit protecting lgbtqa people supporting full comprehensive ban conversion practice loophole use 's tool email mp ask,False
1.5178294671163802e+18,2022-04-23 11:35:19+00:00,['1517829467116380162'],"I've just asked my MP to commit to protecting all LGBTQA+ people by supporting a full and comprehensive ban on conversion practices, with no loopholes. Use @BanCTorg's tool to email your MP and ask them to #BanConversionTherapy now https://t.co/ZJ1xsdCxN8",i've asked mp commit protecting lgbtqa people supporting full comprehensive ban conversion practice loophole use 's tool email mp ask,False
1.5176010789671567e+18,2022-04-22 20:27:47+00:00,['1517601078967156737'],#SLCasStH COYS we can win this despite some of our team shouldn't be out after dark on their own,coys win despite team dark,False
1.5171163334393078e+18,2022-04-21 12:21:35+00:00,['1517116333439307776'],"The net is closing in on Johnson's lies.
Hope their is an extraction treaty between India and UK https://t.co/GpvuumGABI",net closing johnson's lie hope extraction treaty india uk,False
1.5170482760082885e+18,2022-04-21 07:51:09+00:00,['1517048276008288256'],"#JohnsonTheRussianStooge #ToryCorruption #StandWithUkraineÔ∏è BBC News - Tory donor‚Äôs 'link' to sanctioned oligarch‚Äôs secret London property
https://t.co/4YObWESl8d",bbc news tory donor 'link' sanctioned oligarch secret london property,False
1.5167420255839355e+18,2022-04-20 11:34:13+00:00,['1516742025583935489'],Petition: Hold a public inquiry into Russian interference in UK politics https://t.co/S0k3QFE8u9,petition hold public inquiry russian interference uk politics,False
1.51673753772066e+18,2022-04-20 11:16:23+00:00,['1516737537720659973'],#PMQs questions re mental health /suicide prevention #JohnsonTheLiar the Tories have decimated statutory and vol sector mental health services since they came to power,question mental health suicide prevention tory decimated statutory vol sector mental health service since came power,False
1.5167366839532954e+18,2022-04-20 11:12:59+00:00,['1516736683953295371'],#PMQs #JohnsonTheLiar sunk to new depths of lies and hypocrisy brings shame on this country,sunk new depth lie hypocrisy brings shame country,False
1.5163084380825928e+18,2022-04-19 06:51:17+00:00,['1516308438082592770'],#BBCBreakfast Rwanda safe place ? Criticised by UK in December for human rights abuse,rwanda safe place criticised uk december human right abuse,False
1.5161216599163126e+18,2022-04-18 18:29:06+00:00,['1516121659916312589'],#SLHulWar not the most skillful of games but great to watch,skillful game great watch,False
1.5149959906795028e+18,2022-04-15 15:56:06+00:00,['1514995990679502855'],#SLSTHWIG field and French looking  very average against saints #coys #Saints,field french looking average saint,False
1.5149889693978214e+18,2022-04-15 15:28:12+00:00,['1514988969397821455'],#SLSTHWIG powel should have been a red card,powel red card,False
1.5149800795830843e+18,2022-04-15 14:52:52+00:00,['1514980079583084544'],#SLSTHWIG leuluai desperate and no answer to saints other than foul and cheat,leuluai desperate answer saint foul cheat,False
1.5147006712531558e+18,2022-04-14 20:22:36+00:00,['1514700671253155847'],"#StandWithUkraine BBC News - Russian warship Moskva has sunk - state media
https://t.co/QJbeOvZrh5",bbc news russian warship moskva ha sunk state medium,False
1.5146947849458975e+18,2022-04-14 19:59:13+00:00,['1514694784945897478'],https://t.co/rmn7Z0uoKQ,,False
1.5141720794149478e+18,2022-04-13 09:22:10+00:00,['1514172079414947843'],"#johnsonout BBC News - Boris Johnson should quit over lockdown fines - bereaved mother
https://t.co/22hbBnO4hf",bbc news boris johnson quit lockdown fine bereaved mother,False
1.514168221292716e+18,2022-04-13 09:06:50+00:00,['1514168221292716034'],@vicderbyshire As a NHS nurse he certainly spoke for me and all my colleagues https://t.co/T0jfMQgznS,nh nurse certainly spoke colleague,False
1.5141652358206792e+18,2022-04-13 08:54:58+00:00,['1514165235820679169'],@vicderbyshire the war in Ukraine can't be used to save Johnson there is s consensus in all political parties to support Ukraine nothing would change to get #JohnsonOut78,war ukraine can't used save johnson consensus political party support ukraine nothing would change get,False
1.513992421419463e+18,2022-04-12 21:28:16+00:00,['1513992421419462663'],"Your a liar or just incredibly stupid either way your not fit to be PM 
#JohnsonOut https://t.co/lKjQhjHsri",liar incredibly stupid either way fit pm,False
1.5139468743188398e+18,2022-04-12 18:27:17+00:00,['1513946874318839808'],https://t.co/L45TjLes1I,,False
1.513902084206342e+18,2022-04-12 15:29:18+00:00,['1513902084206342144'],"Hey @bill_esterson üôã Boris Johnson and Rishi Sunak have been fined for partying while people died of Covid. 

They must recall Parliament and face a vote of no confidence. #HeyMP @BestForBritain https://t.co/vDuthYcQTK",hey boris johnson rishi sunak fined partying people died covid must recall parliament face vote confidence,False
1.5138954411753554e+18,2022-04-12 15:02:54+00:00,['1513895441175355407'],I'm a nurse worked throughout the pandemic there was no drinks at end of a 12 sometimes 14 hour shifts i was just relieved that a colleague came to take over. #JohnsonOut #johnsonmustresign https://t.co/EJpLWNn8bJ,i'm nurse worked throughout pandemic wa drink end sometimes hour shift wa relieved colleague came take,False
1.5138180460073247e+18,2022-04-12 09:55:22+00:00,['1513818046007324682'],I've just donated to British-Ukrainian Aid on JustGiving #StandUpForUkraine,i've donated britishukrainian aid justgiving,False
1.5133835815188972e+18,2022-04-11 05:08:57+00:00,['1513383581518897152'],"Javid held non-dom status and had money in offshore trust before becoming MP

https://t.co/zL1eCL0hS0",javid held nondom status money offshore trust becoming mp,False
1.5131077307263345e+18,2022-04-10 10:52:49+00:00,['1513107730726334465'],A remarkable force for his wife's tax avoidance https://t.co/BSGEaTNKmM,remarkable force wife's tax avoidance,False
1.5128369837265224e+18,2022-04-09 16:56:58+00:00,['1512836983726522369'],@guardiansport #rugbyleague just saying no coverage of rugby league challenge cup in guardians sport section  today. Page after page of football rugby union horse racing grand Prix golf cricket  cycling women's boxing. Is it just to northern and working class ?,saying coverage rugby league challenge cup guardian sport section today page page football rugby union horse racing grand prix golf cricket cycling women's boxing northern working class,False
1.5127964602906583e+18,2022-04-09 14:15:57+00:00,['1512796460290658305'],"#Cccatsth haha Yaha
Allez saints",haha yaha allez saint,False
1.5127935214004634e+18,2022-04-09 14:04:16+00:00,['1512793521400463364'],"@TheChallengeCup  allez @Saints1890 
#COYS",allez,False
1.5127912733249167e+18,2022-04-09 13:55:20+00:00,['1512791273324916751'],#ChallengeCup BBC commentary /pundit team lost any sense of impartiality / neutrality when season over I'm sure there will be opportunities on Russia today programmes,bbc commentary pundit team lost sense impartiality neutrality season i'm sure opportunity russia today programme,False
1.5121794791327457e+18,2022-04-07 21:24:17+00:00,['1512179479132745735'],@Arjun48565152 She is  mouthpiece for a fascist terrorist state #StandWithUkraine,mouthpiece fascist terrorist state,False
1.5121209286705275e+18,2022-04-07 17:31:37+00:00,['1512120928670527494'],Off limits ?? She's dodging taxes in UK and trading from India with Russia https://t.co/8ai744hmn6,limit dodging tax uk trading india russia,False
1.512092107804078e+18,2022-04-07 15:37:06+00:00,['1512092107804078080'],Petition: Ensure Trans people are fully protected under any conversion therapy ban https://t.co/EU9oWCwJFo,petition ensure trans people fully protected conversion therapy ban,False
1.511784224348676e+18,2022-04-06 19:13:41+00:00,['1511784224348676100'],https://t.co/Z1ENzUkG9F,,False
1.5117838385020357e+18,2022-04-06 19:12:09+00:00,['1511783838502035456'],Make your voice heard ‚Äì time to end horse racing deaths.  https://t.co/WYBOlnu6nq,make voice heard time end horse racing death,False
1.511782915268612e+18,2022-04-06 19:08:29+00:00,['1511782915268612096'],@Calebxz Completely agree Johnson already started with anti trans tropes,completely agree johnson already started anti trans trope,False
1.5117622433854996e+18,2022-04-06 17:46:20+00:00,['1511762243385499664'],I just signed @AllOut's petition to demand the EU take action against Hungary‚Äôs anti-LGBT+ law. Join me in this fight! https://t.co/gSnWp7vR9X,signed 's petition demand eu take action hungary antilgbt law join fight,False
1.511688506946556e+18,2022-04-06 12:53:20+00:00,['1511688506946555906'],#ToriesOut Excluding trans people from a ban on conversion therapy divide and rule from the nasty party and  planning culture war for next election https://t.co/VaUbPTfTvX,excluding trans people ban conversion therapy divide rule nasty party planning culture war next election,False
1.511584106940928e+18,2022-04-06 05:58:29+00:00,['1511584106940928001'],https://t.co/tuJdO4YtoA,,False
1.511573428079366e+18,2022-04-06 05:16:03+00:00,['1511573428079366144'],https://t.co/X131pfQTqu,,False
1.511319536519295e+18,2022-04-05 12:27:11+00:00,['1511319536519294984'],Boris Johnson: Stop the privatisation of Channel 4 https://t.co/n361iIIJVZ via @UKChange,boris johnson stop privatisation channel via,False
1.511182820990935e+18,2022-04-05 03:23:55+00:00,['1511182820990935044'],Not the best person to give advice on children and families #Royalfamily https://t.co/9vmP0qBq14,best person give advice child family,False
1.511056462226854e+18,2022-04-04 19:01:49+00:00,['1511056462226853897'],https://t.co/L7RxZ890wR The clue us in your job title,clue u job title,False
1.5110505891023462e+18,2022-04-04 18:38:29+00:00,['1511050589102346244'],https://t.co/Toxp61aHDZ,,False
1.5108386565248655e+18,2022-04-04 04:36:20+00:00,['1510838656524865537'],https://t.co/V5MgWg7adP,,False
1.510725151012397e+18,2022-04-03 21:05:18+00:00,['1510725151012397062'],"Help Ukraine Emergency Appeal 
 https://t.co/IPtwSa2Wik",help ukraine emergency appeal,False
1.5105930215737467e+18,2022-04-03 12:20:16+00:00,['1510593021573746692'],"Petition: Increase the state pension to ¬£19,760 a year (¬£380 a week) https://t.co/cKzhDIoC4P",petition increase state pension year week,False
1.510285652507648e+18,2022-04-02 15:58:53+00:00,['1510285652507648008'],https://t.co/AWsF0Jfj9B,,False
1.5087207081882583e+18,2022-03-29 08:20:22+00:00,['1508720708188258309'],@_martianchild @Keir_Starmer I'm sure you would be happier in the swp or similar,i'm sure would happier swp similar,False
1.507779381816664e+18,2022-03-26 17:59:52+00:00,['1507779381816664072'],@_martianchild @Keir_Starmer Wow wish you all the best in your ivory tower of socialist purity,wow wish best ivory tower socialist purity,False
1.507774535189336e+18,2022-03-26 17:40:36+00:00,['1507774535189336064'],@_martianchild @Keir_Starmer And just to remind you we lost elections in the glory years of 2017 19,remind lost election glory year,False
1.5077742149416796e+18,2022-03-26 17:39:20+00:00,['1507774214941679620'],@_martianchild @Keir_Starmer Good for you condem us to more years of Tory govt,good condem u year tory govt,False
1.507768507848614e+18,2022-03-26 17:16:39+00:00,['1507768507848613899'],#ChallengeCup Leeds rhinos clueless look desperate and they play saints in 6 days there will be  more booing from the south stand,leeds rhino clueless look desperate play saint day booing south stand,False
1.5077641290581445e+18,2022-03-26 16:59:15+00:00,['1507764129058144259'],@_martianchild @Keir_Starmer What's your alternative ?,what's alternative,False
1.5077523522536858e+18,2022-03-26 16:12:28+00:00,['1507752352253685761'],https://t.co/f47U7Z8Yat,,False
1.5074947778514207e+18,2022-03-25 23:08:57+00:00,['1507494777851420673'],'I Will Never Leave': The Ukrainian Dog Shelter Caught Up In War https://t.co/sKQnQTcXhV,'i never leave' ukrainian dog shelter caught war,False
1.5074388555274895e+18,2022-03-25 19:26:44+00:00,['1507438855527489541'],@_martianchild @Keir_Starmer Some people were saying the same thing about the 97 labour govt,people saying thing labour govt,False
1.5073632113261527e+18,2022-03-25 14:26:09+00:00,['1507363211326152706'],@_martianchild @Keir_Starmer Isnt that meaningful change,isnt meaningful change,False
1.5073609905554268e+18,2022-03-25 14:17:20+00:00,['1507360990555426825'],I just donated to @LabourList. You can too at: https://t.co/kzc2ycVrNb https://t.co/kzc2ycVrNb,donated,False
1.5073582080332718e+18,2022-03-25 14:06:16+00:00,['1507358208033271817'],@_martianchild @Keir_Starmer A labour govt would be significant meaningful change labour govt 1997 brought NHS  ancillary staff back into NHS pay and conditions,labour govt would significant meaningful change labour govt brought nh ancillary staff back nh pay condition,False
1.5070721219729572e+18,2022-03-24 19:09:28+00:00,['1507072121972957189'],Help Ukraine Emergency Appeal https://t.co/IPtwSa2Wik,help ukraine emergency appeal,False
1.5067621212537324e+18,2022-03-23 22:37:38+00:00,['1506762121253732355'],https://t.co/iVuTXEycxc,,False
1.5067098679518044e+18,2022-03-23 19:10:00+00:00,['1506709867951804420'],Give up and go home https://t.co/GYl02AQIZ2,give go home,False
1.50650501386616e+18,2022-03-23 05:35:59+00:00,['1506505013866160133'],https://t.co/bzSR1zQAf2,,False
1.5063316948736123e+18,2022-03-22 18:07:17+00:00,['1506331694873612289'],"BBC News - Ukraine: The small town which managed to block Russia's big plans
https://t.co/MF6nVvWbTp",bbc news ukraine small town managed block russia's big plan,False
1.5054025361818378e+18,2022-03-20 04:35:08+00:00,['1505402536181837825'],Nestle parent company of buxton water continue to trade with Russia. Boycott all nestle products #StandWithUkriane #boycottnestle https://t.co/a9V7IwbFUa,nestle parent company buxton water continue trade russia boycott nestle product,False
1.5052573198017536e+18,2022-03-19 18:58:06+00:00,['1505257319801753605'],Oops https://t.co/1ZnI3ORYgy,oops,False
1.505187993426047e+18,2022-03-19 14:22:37+00:00,['1505187993426046981'],#SLWarWak #superleague how long before Darren Powell gets shown the door ?,long darren powell get shown door,False
1.505175935452164e+18,2022-03-19 13:34:42+00:00,['1505175935452164099'],This woman has no shame #ToriesOutNow https://t.co/QwmVb4qS3Q,woman ha shame,False
1.5051752279568753e+18,2022-03-19 13:31:53+00:00,['1505175227956875265'],#SLWarWak have Wakefield improved greatly  or are Warrington just going downhill fast #SuperLeague,wakefield improved greatly warrington going downhill fast,False
1.5051418636611584e+18,2022-03-19 11:19:19+00:00,['1505141863661158400'],Mayor's warning to local firms with links to 'murderous' Putin #StandWithUkraine https://t.co/2MKtvgwPlX,mayor's warning local firm link 'murderous' putin,False
1.504905574797951e+18,2022-03-18 19:40:23+00:00,['1504905574797950993'],The PM must act now to stop @POferries &amp; @DPWorldUK sacking 800 workers just to replace them with cheaper labour. Sign @RMTunion &amp; @nautilusint petition now. #PandOBetrayal https://t.co/mMZ1LtNF1S via @megaphoneuk,pm must act stop amp sacking worker replace cheaper labour sign amp petition via,False
1.50489286918579e+18,2022-03-18 18:49:54+00:00,['1504892869185789954'],#ToriesOut  crocodile tears from Tory hypocrite https://t.co/xg2AcpySCk,crocodile tear tory hypocrite,False
1.5047529665779343e+18,2022-03-18 09:33:58+00:00,['1504752966577934339'],"Help Ukraine Emergency Appeal 
 https://t.co/IPtwSa2Wik",help ukraine emergency appeal,False
1.503611191662461e+18,2022-03-15 05:56:58+00:00,['1503611191662460928'],Betfred Challenge Cup Sixth Round Draw https://t.co/8r4rB3WzmR,betfred challenge cup sixth round draw,False
1.503268857292759e+18,2022-03-14 07:16:39+00:00,['1503268857292759044'],https://t.co/6yqTsBwwBj,,False
1.503262806245843e+18,2022-03-14 06:52:36+00:00,['1503262806245842946'],Activists claim to have broken into Putin-linked French villa https://t.co/FvLbwIZiJS via @BBCNews,activist claim broken putinlinked french villa via,False
1.5029390576129393e+18,2022-03-13 09:26:09+00:00,['1502939057612939265'],"Help Ukraine Emergency Appeal 
 https://t.co/IPtwS9LkTK",help ukraine emergency appeal,False
1.5026848930877809e+18,2022-03-12 16:36:11+00:00,['1502684893087780864'],Vigil of peace for Ukraine to be held in St Helens #STANDWITHUKRAINE https://t.co/5CXJ611llC,vigil peace ukraine held st helen,False
1.502676545772601e+18,2022-03-12 16:03:01+00:00,['1502676545772601347'],About the Harmony Fund https://t.co/TMVfvtP1IT via @harmonyfund,harmony fund via,False
1.5026677446716826e+18,2022-03-12 15:28:03+00:00,['1502667744671682560'],https://t.co/fLmK0TKJmr,,False
1.502637405333078e+18,2022-03-12 13:27:29+00:00,['1502637405333078016'],"I've #justsponsored The Co-operative Bank, who's fundraising for Disasters Emergency Committee on @JustGiving. Donate now https://t.co/9FOudFHGmR",i've cooperative bank who's fundraising disaster emergency committee donate,False
1.502532574723334e+18,2022-03-12 06:30:56+00:00,['1502532574723334147'],Scottish Rugby donates 20 boxes of kit to Tonga Appeal https://t.co/AKmM7S4wW6 via @Saints1890,scottish rugby donates box kit tonga appeal via,False
1.502242378098299e+18,2022-03-11 11:17:47+00:00,['1502242378098298884'],"I believe that every refugee matters. If you believe we need a kinder and more compassionate way to support refugees, visit https://t.co/vSI3j44Bd0 to show your support #EveryRefugeeMatters",believe every refugee matter believe need kinder compassionate way support refugee visit show support,False
1.502049052669657e+18,2022-03-10 22:29:35+00:00,['1502049052669657089'],#NadineDorries dumbass Nadine Dorres just realised russian oligarchs in UK are supporting Putin. It's not rocket science Nadine They wouldn't be oligarchs if they didn't support Putins war,dumbass nadine dorres realised russian oligarch uk supporting putin rocket science nadine oligarch support putin war,False
1.501672354828759e+18,2022-03-09 21:32:43+00:00,['1501672354828759040'],"Even BBC calling out Johnson's lies 
#JohnsonOut45 
BBC News - Fact-checking Boris Johnson's claim about refugees
https://t.co/agDPrOSP0U",even bbc calling johnson's lie bbc news factchecking boris johnson's claim refugee,False
1.501664699888423e+18,2022-03-09 21:02:18+00:00,['1501664699888422925'],Community members condemn government‚Äôs treatment of Ukrainian refugees https://t.co/cuvCZXq1Lq via @JewishNewsUK,community member condemn government treatment ukrainian refugee via,False
1.5016642961026826e+18,2022-03-09 21:00:42+00:00,['1501664296102682632'],Mill Hill family battling to bring Ukrainian Holocaust survivor relative to UK https://t.co/2wwSEioknz via @JewishNewsUK,mill hill family battling bring ukrainian holocaust survivor relative uk via,False
1.501498952998396e+18,2022-03-09 10:03:41+00:00,['1501498952998395908'],Petition: Suspend trade agreement with Faroe Islands until all whale &amp; dolphin hunts end https://t.co/fpipvllKid,petition suspend trade agreement faroe island whale amp dolphin hunt end,False
1.5014897937121976e+18,2022-03-09 09:27:17+00:00,['1501489793712197633'],#StandWithUkraine just booked a 5 night stay in Kyiv obviously not going but  it gets money directly to kyiv residents,booked night stay kyiv obviously going get money directly kyiv resident,False
1.5014736042775798e+18,2022-03-09 08:22:57+00:00,['1501473604277579776'],#patel she has surpassed herself in her Tory nastiness and mean spiritedness #ToriesOut,ha surpassed tory nastiness mean spiritedness,False
1.5014727224629453e+18,2022-03-09 08:19:27+00:00,['1501472722462945281'],In not sure it's by the back door now it's blatantly happening through the front door https://t.co/ubAOrEeO5e,sure back door blatantly happening front door,False
1.5011386685636155e+18,2022-03-08 10:12:03+00:00,['1501138668563615748'],‚ÄúWhat are they trying to hide?‚Äù Labour asks after axed ‚Äòdirty money‚Äô meeting ‚Äì via @LabourList https://t.co/zrrURZLDN5,trying hide labour asks axed dirty money meeting via,False
1.5010769969479557e+18,2022-03-08 06:06:59+00:00,['1501076996947955715'],https://t.co/hgOgYGrTrC,,False
1.501075543378342e+18,2022-03-08 06:01:12+00:00,['1501075543378341894'],https://t.co/qDLLt6LqcS,,False
1.5009320313453076e+18,2022-03-07 20:30:56+00:00,['1500932031345307649'],Nursing Organizations Worldwide Release Statements in Support of Nurses in Ukraine https://t.co/NxtSWLVE6V,nursing organization worldwide release statement support nurse ukraine,False
1.500928705828475e+18,2022-03-07 20:17:44+00:00,['1500928705828474887'],#NursesforPeace: How nurses can support colleagues in Ukraine https://t.co/Rc2FzgMVL7 #UNISON,nurse support colleague ukraine,False
1.5009218595792896e+18,2022-03-07 19:50:31+00:00,['1500921859579289604'],Watch Anfield&amp;#8217;s poignant You&amp;#8217;ll Never Walk Alone for Ukraine https://t.co/0JY2Ya2PCt,watch anfieldamps poignant youampll never walk alone ukraine,False
1.5007605045491876e+18,2022-03-07 09:09:21+00:00,['1500760504549187590'],Hey Twitter! I've just donated to the @decappeal DEC Ukraine Humanitarian Appeal to help provide aid to people fleeing the conflict. Can you help? https://t.co/iwtkevpkY3,hey twitter i've donated dec ukraine humanitarian appeal help provide aid people fleeing conflict help,False
1.5007563507411397e+18,2022-03-07 08:52:51+00:00,['1500756350741139459'],Appalled and disgusted but not completely suprised by this Tory govt. https://t.co/f1bcNGQmsp,appalled disgusted completely suprised tory govt,False
1.5004919091727974e+18,2022-03-06 15:22:03+00:00,['1500491909172797441'],Here is how you can help LGBT+ Ukrainians now! https://t.co/8OKxavOsCK,help lgbt ukrainian,False
1.500416202237268e+18,2022-03-06 10:21:13+00:00,['1500416202237267970'],Right now we‚Äôre facing skyrocketing prices and the additional costs of lateral flow tests could be an unaffordable burden. That‚Äôs why I‚Äôm calling on you @BootsUK @LloydsPharmacy @LidlGB @superdrug to commit to selling these tests at cost price. #COVID19,right facing skyrocketing price additional cost lateral flow test could unaffordable burden thats im calling commit selling test cost price,False
1.5002445062555402e+18,2022-03-05 22:58:58+00:00,['1500244506255540227'],Here is how you can help LGBT+ Ukrainians now! https://t.co/8OKxavOsCK,help lgbt ukrainian,False
1.500053140053373e+18,2022-03-05 10:18:32+00:00,['1500053140053372931'],Help Ukraine Emergency Appeal https://t.co/IPtwSa2Wik,help ukraine emergency appeal,False
1.5000497315983565e+18,2022-03-05 10:05:00+00:00,['1500049731598356482'],Keep the Kyiv Independent going https://t.co/NcSfhpemG2,keep kyiv independent going,False
1.500048650369704e+18,2022-03-05 10:00:42+00:00,['1500048650369703936'],Hey Twitter!  I've just donated to the DEC Ukraine Humanitarian Appeal to help provide aid to people fleeing the conflict. Can you help? https://t.co/iwtkevpkY3,hey twitter i've donated dec ukraine humanitarian appeal help provide aid people fleeing conflict help,False
1.499843964983292e+18,2022-03-04 20:27:21+00:00,['1499843964983291904'],#PepsiPopstar boycott pepsi #StandWithUkraineÔ∏è,boycott pepsi,False
1.4991198470993142e+18,2022-03-02 20:29:58+00:00,['1499119847099314183'],Hey Twitter!  I've just donated to the DEC Ukraine Humanitarian Appeal to help provide aid to people fleeing the conflict. Can you help? https://t.co/iwtkevpkY3,hey twitter i've donated dec ukraine humanitarian appeal help provide aid people fleeing conflict help,False
1.4989484452682834e+18,2022-03-02 09:08:53+00:00,['1498948445268283392'],Well said https://t.co/9N73MFjESk,well said,False
1.498948148034777e+18,2022-03-02 09:07:42+00:00,['1498948148034777089'],Totally agree with her last comment !! https://t.co/QI6QrziJT2,totally agree last comment,False
1.498590234317103e+18,2022-03-01 09:25:28+00:00,['1498590234317103107'],Why is the UK still buying russian oil and gas this supports the invasion https://t.co/aSYWPXOb6Q,uk still buying russian oil gas support invasion,False
1.4967953440756408e+18,2022-02-24 10:33:13+00:00,['1496795344075640832'],#StandWithUkraine small act of support ask your local council to fly The Ukrainian flag from the town hall.,small act support ask local council fly ukrainian flag town hall,False
1.4967683023659008e+18,2022-02-24 08:45:46+00:00,['1496768302365900801'],Ian Hislop on the Tory party and Russian oligarchs went viral all over again and it‚Äôs never been more important https://t.co/fd1YaKY1En,ian hislop tory party russian oligarch went viral never important,False
1.4960225429513585e+18,2022-02-22 07:22:23+00:00,['1496022542951358466'],https://t.co/Jr8QOEI52z,,False
1.4954432950105416e+18,2022-02-20 17:00:40+00:00,['1495443295010541572'],@LindaBr07293431 Are  your saying if their is a market for a  product that causes pain and suffering to an animal this should be allowed. That's not how fox  hunting was banned,saying market product cause pain suffering animal allowed that's fox hunting wa banned,False
1.4954293611006405e+18,2022-02-20 16:05:18+00:00,['1495429361100640264'],Wheelchair Super League expands to seven teams for 2022 in World Cup year - https://t.co/yI37gODdoC,wheelchair super league expands seven team world cup year,False
1.4954287579176837e+18,2022-02-20 16:02:54+00:00,['1495428757917683713'],@LindaBr07293431 Any other animal welfare issues you feel should be left to people's conscience organised dog / cock  fighting fox hunting ?,animal welfare issue feel left people's conscience organised dog cock fighting fox hunting,False
